age,individual,single.cell.well.quality,post.analysis.well.quality,single.cell.quality,CD69protein,CD25protein,CD44protein,CD62Lprotein,sorting.plate.well,sequencing.plate.well,peptide,time,sizeFactor,Cd69,Il2ra (CD25),Cd44,Sell (CD62L)
25,1,OK,pass,OK,0.3,0.3,0.78,3.62,Plate 3 A1,Plate 3 A1, G4,6,0.5491145919787727,9.06,3.05,0,4.51
25,1,OK,pass,OK,2.9,1.91,1.45,2.87,Plate 3 A2,Plate 3 A2, G4,6,0.6850773621102756,6.06,7.03,5.17,9.99
25,1,OK,pass,OK,0,0.48,1.88,3.44,Plate 3 A3,Plate 3 A3, G4,6,0.7427098808278191,8.69,6.15,2.33,9.97
25,1,OK,pass,OK,3.17,2.22,0,2.43,Plate 3 A4,Plate 3 A4, G4,6,0.6848969504066678,3.29,7.06,1.3,3.66
25,1,OK,pass,OK,1.98,1.15,1.04,3.12,Plate 3 A5,Plate 3 A5, G4,6,0.9985968206400828,9.12,1.59,0,3.91
25,1,OK,pass,OK,2.33,0.48,1.4,3.15,Plate 3 A6,Plate 3 A6, G4,6,1.1512251218923655,8.21,1.85,0.9,2.99
25,1,OK,pass,OK,2.8,1.77,1.26,3.02,Plate 3 A7,Plate 3 A7, G4,6,1.4099941386697654,6.87,4.98,0,7.16
25,1,OK,pass,OK,2.87,0.7,1.61,2.97,Plate 3 A8,Plate 3 A8, G4,6,1.6161099997492,0.69,3.36,0,7.71
25,1,OK,pass,OK,1.62,0.48,0,3.52,Plate 3 A9,Plate 3 A9, G4,6,1.0232681211084633,7.66,0.98,0.98,3.97
25,1,OK,pass,OK,0.3,0.9,1.3,3.52,Plate 3 A10,Plate 3 A10, G4,6,0.5672143961432351,6.33,1.47,0,4.08
25,1,OK,pass,OK,2.75,1.98,1.38,3.35,Plate 3 A11,Plate 3 A11, G4,6,1.8232091046132979,9.16,7.12,0.63,10.5
25,1,OK,pass,OK,2.77,2.12,1.66,2.91,Plate 3 A12,Plate 3 A12, G4,6,0.9065237077037914,7.13,7.84,6.62,6.21
25,1,OK,pass,OK,2.53,1,1.51,3.29,Plate 3 B1,Plate 3 B1, G4,6,0.6710593727399419,7.01,8.14,0,10.3
25,1,OK,pass,OK,1.72,1.81,0,3.52,Plate 3 B2,Plate 3 B2, G4,6,0.9842225181551234,9.14,7.78,0,3.19
25,1,OK,pass,OK,2.92,2.44,2,2.67,Plate 3 B3,Plate 3 B3, G4,6,2.506283896813526,0,6.53,0.85,9.02
25,1,OK,pass,OK,3.12,1.81,0.7,3.23,Plate 3 B4,Plate 3 B4, G4,6,0.7138304773727845,6.31,6.91,6.55,8.59
25,1,OK,pass,OK,2.94,1.63,0,3.05,Plate 3 B5,Plate 3 B5, G4,6,1.1195087443980969,5.57,8.47,0.92,10.93
25,1,OK,pass,OK,1.11,0.48,0.3,2.9,Plate 3 B6,Plate 3 B6, G4,6,0.8354911097007715,8.49,0,0,8.85
25,1,OK,pass,OK,2.96,2.25,1.58,2.71,Plate 3 B7,Plate 3 B7, G4,6,2.2614336429694752,0,8.44,6.75,10.88
25,1,OK,pass,OK,3.02,1.64,1.3,2.85,Plate 3 B8,Plate 3 B8, G4,6,2.5270628147765657,6.7,7.55,0,9.54
25,1,OK,pass,OK,3.13,2.35,0,2.99,Plate 3 B9,Plate 3 B9, G4,6,2.3630234732710833,6.08,6.35,1.18,3.24
25,1,OK,pass,OK,3.11,2.02,0,2.8,Plate 3 B10,Plate 3 B10, G4,6,1.0085510363866488,5.99,7.22,0,10.58
25,1,OK,pass,OK,1.2,0.7,0,3.23,Plate 3 B11,Plate 3 B11, G4,6,0.7189361285848881,8.56,2.71,0,8.33
25,1,OK,pass,OK,0,0.3,1.38,3.18,Plate 3 B12,Plate 3 B12, G4,6,1.2923657079174153,9.12,1.35,0,3.82
25,1,OK,pass,OK,0,0,2.02,3.67,Plate 3 C1,Plate 3 C1, NP68,6,0.5128563498461751,8.42,1.56,2.29,3.43
25,1,OK,pass,OK,1.2,0.48,0.6,3.31,Plate 3 C2,Plate 3 C2, NP68,6,0.5503955150743887,8.83,6.81,0,9.56
25,1,OK,pass,OK,0,0.48,1.52,3.04,Plate 3 C3,Plate 3 C3, NP68,6,0.7227788978717364,7.98,0,0,2.36
25,1,OK,pass,OK,0,0.6,0.6,3.54,Plate 3 C4,Plate 3 C4, NP68,6,0.7942489942560056,8.08,0,0,1.81
25,1,OK,pass,OK,1.4,0.48,1.8,3.64,Plate 3 C5,Plate 3 C5, NP68,6,1.0899573073471231,5.13,5.01,0.94,5.55
25,1,OK,pass,OK,0.78,0.48,1.72,3.25,Plate 3 C6,Plate 3 C6, NP68,6,0.41087863438181,8.75,1.78,0,6.62
25,1,OK,pass,OK,0,1,1.48,3.43,Plate 3 C7,Plate 3 C7, NP68,6,2.0524762975582167,9.04,0.57,0,7.77
25,1,OK,pass,OK,1.18,0.48,0,3.23,Plate 3 C8,Plate 3 C8, NP68,6,1.2608522935897055,9.99,0,0,1.37
25,1,OK,pass,OK,0,0.6,0.3,3.46,Plate 3 C9,Plate 3 C9, NP68,6,1.5647873803653432,8.34,0,0.71,2.27
25,1,OK,pass,OK,0.3,0.7,0,3.46,Plate 3 C10,Plate 3 C10, NP68,6,0.7056082139808545,6.76,0,0,1.94
25,1,OK,pass,OK,0.95,1.08,0.3,3.15,Plate 3 C11,Plate 3 C11, NP68,6,0.9315513212867972,9.94,1.05,0,2.4
25,1,OK,pass,OK,1.32,0,0.48,3.29,Plate 3 C12,Plate 3 C12, NP68,6,0.49473850451135176,8.94,0,1.6,3.18
25,1,OK,pass,OK,0,0.6,0.7,3.28,Plate 3 D1,Plate 3 D1, NP68,6,0.4393340703333659,8.43,1.71,0,2.47
25,1,OK,pass,OK,2.25,1.11,2.02,2.33,Plate 3 D2,Plate 3 D2, NP68,6,0.7807677297039054,2.89,6.56,0,7.12
25,1,OK,pass,OK,0.7,0,0.78,3.19,Plate 3 D3,Plate 3 D3, NP68,6,1.0558279233170988,7.02,0,0,2.26
25,1,OK,pass,OK,1.88,1.58,1.11,3.07,Plate 3 D4,Plate 3 D4, NP68,6,1.1268560110275285,7.6,5.53,0,2.85
25,1,OK,pass,OK,1.97,1.43,1.51,3.12,Plate 3 D5,Plate 3 D5, NP68,6,1.7033210172732587,7.12,6.36,0,9.73
25,1,OK,pass,OK,0,0,0.7,3.37,Plate 3 D6,Plate 3 D6, NP68,6,0.3335767296784154,9.16,0,0,0
25,1,OK,pass,OK,0.78,0.3,1,3.59,Plate 3 D7,Plate 3 D7, NP68,6,0.9234102431614908,9.02,1.66,0,2.91
25,1,OK,pass,OK,0,0.6,0.78,3.17,Plate 3 D8,Plate 3 D8, NP68,6,0.6650020497913066,8.49,0,1.32,3.86
25,1,OK,pass,OK,0,0.3,0.48,3.45,Plate 3 D9,Plate 3 D9, NP68,6,1.2523954949830853,8.87,0.85,1.76,3.4
25,1,OK,pass,OK,0.85,0.6,0,3.11,Plate 3 D10,Plate 3 D10, NP68,6,1.2071753014737652,8.29,0,1.41,7.69
25,1,OK,pass,OK,0,0.78,1.04,3.64,Plate 3 D11,Plate 3 D11, NP68,6,0.7137989053246532,9.54,2.72,0,4.55
25,1,OK,pass,OK,0,0.3,1.18,3.01,Plate 3 D12,Plate 3 D12, NP68,6,0.9735241041311751,7.87,0,0,2.35
25,1,OK,pass,OK,2.76,2.1,1.61,2.72,Plate 3 E1,Plate 3 E1, N4,6,0.6760703078076512,8.54,5.07,1.31,3.98
25,1,OK,pass,OK,3.13,2.55,1.54,2.6,Plate 3 E2,Plate 3 E2, N4,6,1.4489360048935307,4.77,4.13,6.8,3.32
25,1,OK,pass,OK,3,2.5,1.23,1.94,Plate 3 E3,Plate 3 E3, N4,6,0.5821750366649201,1.44,7.57,0,9.82
25,1,OK,pass,OK,3.44,2.51,2.05,1.99,Plate 3 E4,Plate 3 E4, N4,6,1.5642732070100605,0,6.05,0,8.63
25,1,OK,pass,OK,3.36,2.32,0,2.21,Plate 3 E5,Plate 3 E5, N4,6,2.528704561279398,0.84,7.59,0,10.71
25,1,OK,pass,OK,2.88,2.3,2.34,2.03,Plate 3 E6,Plate 3 E6, N4,6,0.6647269219433046,1.32,6.89,6.49,8.56
25,1,OK,pass,OK,3.29,2.42,0.3,2.73,Plate 3 E7,Plate 3 E7, N4,6,2.6096237206401307,6.48,7.89,0.47,9.78
25,1,OK,pass,OK,3.26,1.59,0,2.33,Plate 3 E8,Plate 3 E8, N4,6,0.9281144783330667,0,8,0,10.26
25,1,OK,pass,OK,3.16,2.31,1.58,2.95,Plate 3 E9,Plate 3 E9, N4,6,3.4998111485822267,6.02,4.27,0.36,6.15
25,1,OK,pass,OK,3.37,2.39,0,1.67,Plate 3 E10,Plate 3 E10, N4,6,1.1239784443549827,0.92,7.86,0,6.06
25,1,OK,pass,OK,3.41,2.31,1.97,2.18,Plate 3 E11,Plate 3 E11, N4,6,2.454005095400547,1.15,6.06,0.86,8.39
25,1,OK,pass,OK,3.12,1.92,1.15,2.45,Plate 3 E12,Plate 3 E12, N4,6,0.3865861984910064,4.44,6.97,0,10.75
25,1,OK,pass,OK,3.37,2.59,2.41,2.23,Plate 3 F2,Plate 3 F2, N4,6,1.5997917611578656,0,8.06,6.42,9.99
25,1,OK,pass,OK,3.18,2.6,2,1.92,Plate 3 F3,Plate 3 F3, N4,6,1.3690271510730019,4.32,2.92,0.79,5.39
25,1,OK,pass,OK,3.38,2.36,1.53,2.22,Plate 3 F4,Plate 3 F4, N4,6,1.039022573126023,3.86,6.83,0,10.16
25,1,OK,pass,OK,3.32,2.46,1.7,2.17,Plate 3 F5,Plate 3 F5, N4,6,2.4480785709370276,6.07,5.74,6.94,9.6
25,1,OK,pass,OK,2.81,2.3,0,2.64,Plate 3 F6,Plate 3 F6, N4,6,1.8311246681090945,0.63,7.09,5.83,6.16
25,1,OK,pass,OK,3.26,2.35,0,2.8,Plate 3 F7,Plate 3 F7, N4,6,1.9140599282576458,0,6.71,0.61,7.42
25,1,OK,pass,OK,2.98,2.26,1.53,1.97,Plate 3 F8,Plate 3 F8, N4,6,4.1056922831012255,0.57,6.34,0,1.56
25,1,OK,pass,OK,3.19,2.37,1.86,2.59,Plate 3 F9,Plate 3 F9, N4,6,4.862492317980821,5.01,6.37,7.48,9.98
25,1,OK,pass,OK,3.07,2.66,0.78,1.57,Plate 3 F10,Plate 3 F10, N4,6,1.1887687974131693,0,7.53,4.8,8.86
25,1,OK,pass,OK,3.18,2.3,1.8,1.61,Plate 3 F11,Plate 3 F11, N4,6,2.211640012773695,0.93,6.6,0.54,9.47
25,1,OK,pass,OK,3.33,2.56,2.54,2.04,Plate 3 F12,Plate 3 F12, N4,6,0.7889088078292118,4.91,7.23,6.51,9.53
25,1,OK,pass,OK,0,0.6,1.08,3.38,Plate 3 G1,Plate 3 G1, T4,6,0.40760867225391684,9.22,3.73,3.06,6.17
25,1,OK,pass,OK,2.78,2.25,1.78,3.57,Plate 3 G2,Plate 3 G2, T4,6,0.6138147391851555,7.36,5.64,7.19,7.78
25,1,OK,pass,OK,2.13,0.85,3.03,1.96,Plate 3 G3,Plate 3 G3, T4,6,1.2100663990240819,0,2.11,8.24,4.64
25,1,OK,pass,OK,2.78,1.23,0,2.41,Plate 3 G4,Plate 3 G4, T4,6,0.7956832672996884,5.72,4.12,2.25,9.86
25,1,OK,pass,OK,2.53,0.78,1.87,2.67,Plate 3 G6,Plate 3 G6, T4,6,1.4306783404884111,1.63,4.03,1.92,10.77
25,1,OK,pass,OK,2.68,0.6,1.26,3.23,Plate 3 G7,Plate 3 G7, T4,6,1.6309443520783595,8.25,7.43,1.15,10.53
25,1,OK,pass,OK,3.04,2.47,2.35,2.03,Plate 3 G8,Plate 3 G8, T4,6,1.6231054635565965,5.74,6.64,5.82,8.19
25,1,OK,pass,OK,3,2.37,2.55,2.72,Plate 3 G9,Plate 3 G9, T4,6,7.719812287089416,0.18,5.96,8.75,9.44
25,1,OK,pass,OK,3.2,2.06,1.78,2.73,Plate 3 G10,Plate 3 G10, T4,6,2.7183804058675625,0.8,8.02,7.24,9.61
25,1,OK,pass,OK,3.1,2.31,0,2.89,Plate 3 G11,Plate 3 G11, T4,6,4.219365187251972,0.31,6.85,1.41,9.34
25,1,OK,pass,OK,2.85,1.79,0,2.57,Plate 3 H1,Plate 3 H1, T4,6,1.379373762274915,0.79,7.09,0.79,9.86
25,1,OK,pass,OK,3.08,2.27,1.28,2.5,Plate 3 H2,Plate 3 H2, T4,6,0.8732422586807242,5.44,7.82,1.72,7.32
25,1,OK,pass,OK,2.94,1.04,1.45,2.89,Plate 3 H3,Plate 3 H3, T4,6,1.137807001436528,3.29,5.65,2.17,10.14
25,1,OK,pass,OK,2.85,0.85,1.65,3.13,Plate 3 H4,Plate 3 H4, T4,6,0.830710199555162,8.02,5.69,6.91,9.31
25,1,OK,pass,OK,2.92,2.03,1.61,2.08,Plate 3 H5,Plate 3 H5, T4,6,1.3806231133223996,1.67,1.29,0.79,9.8
25,1,OK,pass,OK,3.17,2.46,2.18,3.01,Plate 3 H6,Plate 3 H6, T4,6,1.0088802877457332,0.99,4.8,7.22,6.72
25,1,OK,pass,OK,3.1,1.52,0,2.12,Plate 3 H8,Plate 3 H8, T4,6,1.9460920262332282,5.21,6.49,0,10.4
25,1,OK,pass,OK,2.7,1.62,0,3.39,Plate 3 H9,Plate 3 H9, T4,6,1.927040550332234,6.06,5.41,2.04,10.4
25,1,OK,pass,OK,2.84,2.03,0,3.13,Plate 3 H10,Plate 3 H10, T4,6,1.6992888156976222,6.09,7.29,1.12,10.16
25,1,OK,pass,OK,3.13,2.63,1.46,2.37,Plate 3 H11,Plate 3 H11, T4,6,3.81004260381378,1.21,7.13,7.66,9.82
25,1,OK,pass,OK,2.99,2.11,0,2.87,Plate 4 A1,Plate 4 A1, T4,6,0.7968965360064515,1.81,7.69,1.17,8.02
25,1,OK,pass,OK,2.15,1.73,1.11,3.29,Plate 4 A2,Plate 4 A2, T4,6,0.40426203515199033,7.56,1.8,1.8,1.8
25,1,OK,pass,OK,3.04,2.31,0,2.43,Plate 4 A3,Plate 4 A3, T4,6,1.5241857264683853,0,5.34,0.73,9.49
25,1,OK,pass,OK,2.81,2.31,1.6,2.77,Plate 4 A4,Plate 4 A4, T4,6,0.8960643391871235,3.31,6.88,6.11,9.26
25,1,OK,pass,OK,3.23,2.44,2.28,2.06,Plate 4 A5,Plate 4 A5, T4,6,0.9656581538538707,0,5.72,4.69,8.34
25,1,OK,pass,OK,3.34,2.27,1.71,2.51,Plate 4 A6,Plate 4 A6, T4,6,0.8840895123601492,3.33,5.17,1.71,8.6
25,1,OK,pass,OK,2.85,2.16,1.89,2.87,Plate 4 A7,Plate 4 A7, T4,6,1.8353508122661093,4.29,7.04,2.09,8.35
25,1,OK,pass,OK,3.18,2.59,2.11,2.34,Plate 4 A8,Plate 4 A8, T4,6,3.7422754576460626,5.96,8.41,1.22,8.82
25,1,OK,pass,OK,3.15,2.32,1.83,1.86,Plate 4 A9,Plate 4 A9, T4,6,2.382611673990311,0,8.2,0,8.85
25,1,OK,pass,OK,3.24,2.39,2.39,1.63,Plate 4 A10,Plate 4 A10, T4,6,4.41389410666719,0,7.34,8.24,7.22
25,1,OK,pass,OK,3.17,2.31,0,2.93,Plate 4 A11,Plate 4 A11, T4,6,2.257608914852988,0.53,6.99,5.98,9.52
25,1,OK,pass,OK,3.01,2.26,1.91,2.84,Plate 4 A12,Plate 4 A12, T4,6,7.409855959705864,1.99,7.4,5.91,9.71
25,1,OK,pass,OK,3.09,1.73,0,2.36,Plate 4 B1,Plate 4 B1, T4,6,0.35177124998727205,7.45,7.49,2.74,9.7
25,1,OK,pass,OK,2.73,1.18,0,3.18,Plate 4 B2,Plate 4 B2, T4,6,0.3715849653360096,9.01,8.33,0,11.29
25,1,OK,pass,OK,2.82,1.66,1,3.02,Plate 4 B3,Plate 4 B3, T4,6,0.6577043963803672,8.24,8.08,1.33,11.26
25,1,OK,pass,OK,3.15,2.45,0,2.76,Plate 4 B4,Plate 4 B4, T4,6,12.425296809712872,0.4,5.62,0.11,8.39
25,1,OK,pass,OK,2.97,0.9,1.4,2.57,Plate 4 B5,Plate 4 B5, T4,6,0.6175402408646586,6.69,6.24,0,11.06
25,1,OK,pass,OK,2.4,1.9,1.53,2.46,Plate 4 B6,Plate 4 B6, T4,6,0.28663360439964003,3.9,6.15,2.17,6
25,1,OK,pass,OK,2.6,2.1,1.76,2.84,Plate 4 B7,Plate 4 B7, T4,6,1.4357388887746128,5.22,7.96,0,8.37
25,1,OK,pass,OK,3.23,2.52,1.34,1.41,Plate 4 B8,Plate 4 B8, T4,6,1.0020291533012233,1.58,7.37,0,4
25,1,OK,pass,OK,2.87,2.13,0.78,2.77,Plate 4 B9,Plate 4 B9, T4,6,1.577916842095408,5.26,7.88,0,11.03
25,1,OK,pass,OK,0,0.9,0,3.58,Plate 4 B10,Plate 4 B10, T4,6,3.5714842081330547,9.64,0.36,0.64,8.55
25,1,OK,pass,OK,0,0.6,0.78,2.89,Plate 4 B11,Plate 4 B11, T4,6,1.2058131931115257,9.95,1.41,0,3.45
25,1,OK,pass,OK,2.23,1.62,1.69,2.66,Plate 4 B12,Plate 4 B12, T4,6,4.483284958167378,6.72,7.28,5.73,9.99
25,1,OK,pass,OK,3.02,1.7,1.85,2.72,Plate 4 C1,Plate 4 C1, G4,6,0.7284167636094833,2.98,7.37,1.25,10.42
25,1,OK,pass,OK,2.26,0,1.26,3.36,Plate 4 C2,Plate 4 C2, G4,6,0.9718958885061137,7.15,6.48,0,10.05
25,1,OK,pass,OK,2.05,0.95,1.41,3.36,Plate 4 C3,Plate 4 C3, G4,6,1.0643704174829327,8.32,5.34,0,6.58
25,1,OK,pass,OK,1.66,0.7,0.48,3.36,Plate 4 C4,Plate 4 C4, G4,6,1.055674573369032,8.89,4.01,0,10.39
25,1,OK,pass,OK,0.95,0.78,0,3.29,Plate 4 C5,Plate 4 C5, G4,6,1.0010233580536092,9.43,4.95,0,8.11
25,1,OK,pass,OK,1.49,0.7,1.26,2.98,Plate 4 C6,Plate 4 C6, G4,6,0.866954910809989,7.4,2.49,0,10.47
25,1,OK,pass,OK,1.6,0.48,1.18,3.44,Plate 4 C7,Plate 4 C7, G4,6,1.3949974158073588,9.49,1.95,0,1.95
25,1,OK,pass,OK,2.03,1.45,1.36,3.01,Plate 4 C8,Plate 4 C8, G4,6,2.0473977081016543,7.87,6.05,0,9.46
25,1,OK,pass,OK,2.6,2.17,1.28,3.15,Plate 4 C9,Plate 4 C9, G4,6,3.4756450008839486,4.57,7.11,0,6.39
25,1,OK,pass,OK,0,0,0.48,3.15,Plate 4 C10,Plate 4 C10, G4,6,2.653053327991142,7.92,1.09,0,2.56
25,1,OK,pass,OK,2.21,1.8,0.48,3.04,Plate 4 C11,Plate 4 C11, G4,6,3.4973620597057495,6.85,6.77,0,10.29
25,1,OK,pass,OK,2.91,1.84,0.6,2.8,Plate 4 C12,Plate 4 C12, G4,6,6.907237974039439,7.14,9,0,9.65
25,1,OK,pass,OK,2.34,1.66,0,3.16,Plate 4 D1,Plate 4 D1, G4,6,0.3784090380249784,8.19,5.95,0,3.83
25,1,OK,pass,OK,3.28,2.09,0,2.31,Plate 4 D2,Plate 4 D2, G4,6,1.4464012204578398,1.25,6.54,2.16,11.14
25,1,OK,pass,OK,0,0.85,0.6,3.02,Plate 4 D3,Plate 4 D3, G4,6,0.7837355022282553,8.85,1.19,0,7.16
25,1,OK,pass,OK,3.12,2.03,1.75,2.6,Plate 4 D4,Plate 4 D4, G4,6,0.9668353402199122,3.04,5.63,0,10.91
25,1,OK,pass,OK,1.95,0.6,0.78,3.2,Plate 4 D5,Plate 4 D5, G4,6,0.47181268727537795,8.51,1.64,1.64,10.92
25,1,OK,pass,OK,2.73,0.78,1.43,2.88,Plate 4 D6,Plate 4 D6, G4,6,0.898017295878679,2.72,1.08,0,10.89
25,1,OK,pass,OK,2.14,0.48,0.6,3.36,Plate 4 D7,Plate 4 D7, G4,6,0.6856907619025424,7.44,1.3,0,9.03
25,1,OK,pass,OK,2.05,1.26,1.11,3.1,Plate 4 D8,Plate 4 D8, G4,6,1.2765661529739536,8.52,5.38,0,7.46
25,1,OK,pass,OK,3.28,1.96,1.43,2.48,Plate 4 D9,Plate 4 D9, G4,6,2.580627049577751,1.35,6.52,7.02,10.86
25,1,OK,pass,OK,1.41,0.95,1.36,3.43,Plate 4 D10,Plate 4 D10, G4,6,2.5508726493602185,7.51,7.07,0.48,7.55
25,1,OK,pass,OK,1.67,0.78,1.32,3.16,Plate 4 D11,Plate 4 D11, G4,6,2.442571503684396,9.31,1.4,0,2.75
25,1,OK,pass,OK,2.05,0.6,0,3.22,Plate 4 D12,Plate 4 D12, G4,6,5.081110710120283,8.67,6.48,0.26,10.05
25,1,OK,pass,OK,0.3,0.48,1.11,3.56,Plate 4 E1,Plate 4 E1, NP68,6,0.4341788059027702,9.46,1.72,0,2.98
25,1,OK,pass,OK,1.52,0.7,1.51,3.57,Plate 4 E2,Plate 4 E2, NP68,6,0.32693306869305455,9.25,0,0,4.03
25,1,OK,pass,OK,1.7,0.6,1.34,3.52,Plate 4 E3,Plate 4 E3, NP68,6,0.7217234894056301,8.25,0,0,3.6
25,1,OK,pass,OK,0,0.3,0.3,3.57,Plate 4 E4,Plate 4 E4, NP68,6,0.4536542493072429,9.1,1.68,0,3.59
25,1,OK,pass,OK,0,0.78,0,3.35,Plate 4 E5,Plate 4 E5, NP68,6,1.4555390732455797,8.32,0.75,0,1.25
25,1,OK,pass,OK,1.15,0,0.3,3.47,Plate 4 E6,Plate 4 E6, NP68,6,0.9453212445646703,8.92,0,0,3.4
25,1,OK,pass,OK,1.15,0.48,1.65,3.4,Plate 4 E7,Plate 4 E7, NP68,6,0.8167508439885008,9.33,0,1.15,2.56
25,1,OK,pass,OK,1.68,0.6,0.48,3.07,Plate 4 E8,Plate 4 E8, NP68,6,1.2645056305877656,8.44,0.84,0,8.12
25,1,OK,pass,OK,2.23,1.15,1.3,3.65,Plate 4 E9,Plate 4 E9, NP68,6,3.1437641412194473,8.54,2.61,0,10.26
25,1,OK,pass,OK,0.6,0.48,1.2,3.34,Plate 4 E10,Plate 4 E10, NP68,6,1.6640859820311307,7.98,0,0.68,1.77
25,1,OK,pass,OK,0.95,0.48,0.78,3.2,Plate 4 E11,Plate 4 E11, NP68,6,3.1062204656986436,6.73,0,0,1.38
25,1,OK,pass,OK,1.04,0.3,1.3,3.67,Plate 4 F1,Plate 4 F1, NP68,6,0.28429276254532754,9.46,2.18,0,3.01
25,1,OK,pass,OK,0,0.48,1.59,3.46,Plate 4 F2,Plate 4 F2, NP68,6,0.6067020077704139,8.05,1.41,0,2.57
25,1,OK,pass,OK,0.7,0.7,0,3.43,Plate 4 F3,Plate 4 F3, NP68,6,0.4775723309130602,8.87,0,1.63,1.63
25,1,OK,pass,OK,2.28,0.6,0.48,3.26,Plate 4 F4,Plate 4 F4, NP68,6,0.48210066467361845,9.21,0,2.36,3.51
25,1,OK,pass,OK,0.95,0.6,1.04,3.51,Plate 4 F5,Plate 4 F5, NP68,6,1.4788978785702125,7.53,0.75,0,0
25,1,OK,pass,OK,0,0,1.08,3.02,Plate 4 F6,Plate 4 F6, NP68,6,0.472453148823186,6.68,1.64,0,0
25,1,OK,pass,OK,0.48,0.48,1.23,3.55,Plate 4 F7,Plate 4 F7, NP68,6,1.1394171758912286,7.9,1.46,0,0
25,1,OK,pass,OK,2.12,1.04,2.67,1.3,Plate 4 F8,Plate 4 F8, NP68,6,2.8958694398770137,0,0,7.43,1.45
25,1,OK,pass,OK,0,0.48,1.43,3.39,Plate 4 F9,Plate 4 F9, NP68,6,1.9392138300331772,9.22,0.6,0,3.04
25,1,OK,pass,OK,1.3,1.41,1.85,3.38,Plate 4 F10,Plate 4 F10, NP68,6,3.8067816622710673,7.91,3.27,0,5.02
25,1,OK,pass,OK,1.56,0.7,1.73,3.58,Plate 4 F11,Plate 4 F11, NP68,6,1.5282449897995631,9.82,0,0,7.14
25,1,OK,pass,OK,0,1.51,1,3.29,Plate 4 F12,Plate 4 F12, NP68,6,1.000608411135311,6.58,1,0,2.81
25,1,OK,pass,OK,3.31,2.47,0.48,2.23,Plate 4 G1,Plate 4 G1, N4,6,1.626912150502723,4.68,8.1,6.1,7.16
25,1,OK,pass,OK,3.34,2.39,1.6,2.7,Plate 4 G2,Plate 4 G2, N4,6,0.43679026531249454,3.88,7.14,6.99,10.08
25,1,OK,pass,OK,3.29,2.67,2.48,1.97,Plate 4 G3,Plate 4 G3, N4,6,1.468930131945876,0.75,6.68,7,5.74
25,1,OK,pass,OK,3.38,2.58,2.12,2.6,Plate 4 G4,Plate 4 G4, N4,6,1.272939877731435,0.84,7.11,7.76,8.36
25,1,OK,pass,OK,3.12,2.56,2,1.84,Plate 4 G5,Plate 4 G5, N4,6,1.3980689250612834,0,6.35,5.02,3.55
25,1,OK,pass,OK,3.34,2.38,1.38,1.73,Plate 4 G6,Plate 4 G6, N4,6,0.9954170643639936,0,7.58,2.33,8.72
25,1,OK,pass,OK,3.25,2.5,1.2,1.75,Plate 4 G7,Plate 4 G7, N4,6,1.0044827524702908,2,1.58,7.1,2
25,1,OK,pass,OK,3.47,2.63,1.81,1.49,Plate 4 G8,Plate 4 G8, N4,6,1.4007705903228116,0,6.35,1.65,9.15
25,1,OK,pass,OK,3.03,1.15,1.57,2.73,Plate 4 G9,Plate 4 G9, N4,6,2.273034115511463,5.39,7.88,0.91,10.29
25,1,OK,pass,OK,3.23,2.49,1.76,1.41,Plate 4 G10,Plate 4 G10, N4,6,7.479364078813398,0.18,4.34,7.86,8.5
25,1,OK,pass,OK,3.3,2.63,2.1,2.72,Plate 4 G11,Plate 4 G11, N4,6,2.737788194883182,5.64,7.63,7.48,6.72
25,1,OK,pass,OK,3.17,2.39,1.53,2.33,Plate 4 H1,Plate 4 H1, N4,6,1.6279089251651568,0.69,6.88,2.03,2.56
25,1,OK,pass,OK,3.12,2.27,0,1.97,Plate 4 H2,Plate 4 H2, N4,6,0.5847549240265131,1.44,6.69,2.14,6.35
25,1,OK,pass,OK,3.03,2.14,1.83,2.06,Plate 4 H3,Plate 4 H3, N4,6,0.8846217268857925,1.71,7.86,0,9.34
25,1,OK,pass,OK,2.68,2.12,1.34,2.35,Plate 4 H4,Plate 4 H4, N4,6,0.9339372660670117,1.05,7.76,6.1,6.16
25,1,OK,pass,OK,3.3,2.38,2.03,1.87,Plate 4 H5,Plate 4 H5, N4,6,2.7571057780469976,1.49,6.41,7.19,9.63
25,1,OK,pass,OK,2.81,2.38,2.26,2.5,Plate 4 H6,Plate 4 H6, N4,6,1.724569005665679,3.66,7.83,2.16,9.28
25,1,OK,pass,OK,3.32,2.49,2.73,1.88,Plate 4 H7,Plate 4 H7, N4,6,1.7874605255433926,0,7.26,6.1,8.97
25,1,OK,pass,OK,3.19,2.18,1.04,2.59,Plate 4 H8,Plate 4 H8, N4,6,1.876132877866675,6.46,7.19,1.05,9.74
25,1,OK,pass,OK,3.36,2.44,1.67,2.21,Plate 4 H9,Plate 4 H9, N4,6,4.60233413108564,5.9,7.62,0.52,9.1
25,1,OK,pass,OK,2.72,2.64,2.72,2.24,Plate 4 H10,Plate 4 H10, N4,6,6.112113983020935,0.58,6.59,7.23,5.64
25,1,OK,pass,OK,3.21,2.77,2.56,2.02,Plate 4 H11,Plate 4 H11, N4,6,2.468041125941242,0.86,7.88,7.62,8.9
11.5,2,OK,pass,OK,2.69,2.51,1.95,1.26,Plate 1 A1,Plate 1 A1, N4,6,0.8321670240617958,1.14,6.82,8.79,6.88
11.5,2,OK,pass,OK,2.85,2.5,1.51,1.84,Plate 1 A2,Plate 1 A2, N4,6,0.6989916147510348,0,7.04,7.86,9.53
11.5,2,OK,pass,OK,2.69,2.64,1.04,1.3,Plate 1 A3,Plate 1 A3, N4,6,0.5020947917259639,1.58,6.96,1.58,6.86
11.5,2,OK,pass,OK,2.93,2.62,1.43,1.67,Plate 1 A4,Plate 1 A4, N4,6,0.5269149318498206,2.26,6.03,6.43,7.85
11.5,2,OK,pass,OK,2.97,2.6,1.62,2.06,Plate 1 A5,Plate 1 A5, N4,6,1.6950897332961483,4.55,7.11,2.79,7.72
11.5,2,OK,pass,OK,2.8,1.86,1.51,2.44,Plate 1 A6,Plate 1 A6, N4,6,0.8388106850471567,5.1,7.66,7.56,8.65
11.5,2,OK,pass,OK,2.81,2.11,2.37,1.23,Plate 1 A7,Plate 1 A7, N4,6,0.3468189487232352,2.76,6.25,7.12,9.64
11.5,2,OK,pass,OK,2.86,2.41,1.86,2.46,Plate 1 A8,Plate 1 A8, N4,6,0.8287166502302947,2.54,8.98,5.35,8.22
11.5,2,OK,pass,OK,3,2.43,1.72,1.73,Plate 1 A9,Plate 1 A9, N4,6,0.5807046812805158,2.15,8.35,7.51,10.65
11.5,2,OK,pass,OK,2.72,2.25,0.78,1.18,Plate 1 A10,Plate 1 A10, N4,6,0.3379201414427756,1.99,6.67,1.99,8.03
11.5,2,OK,pass,OK,2.88,2.19,1.97,2.19,Plate 1 A11,Plate 1 A11, N4,6,0.31996466664119944,3.76,7.43,7.99,9.49
11.5,2,OK,pass,OK,2.49,1.2,0,2.26,Plate 1 A12,Plate 1 A12, N4,6,0.3563762587218637,6.79,8.85,1.93,10.45
11.5,2,OK,pass,OK,2.15,1.23,0.3,2.98,Plate 1 B1,Plate 1 B1, T4,6,0.4768642149763992,8.58,6.67,0,9.45
11.5,2,OK,pass,OK,2.36,1.48,1.53,1.72,Plate 1 B2,Plate 1 B2, T4,6,0.5160225752444938,3.66,6.02,2.29,5.09
11.5,2,OK,pass,OK,2.5,2.21,0.7,2.6,Plate 1 B3,Plate 1 B3, T4,6,1.654181379503057,5.33,6.66,0.68,7.56
11.5,2,OK,pass,OK,3.02,2.18,2.03,1.56,Plate 1 B4,Plate 1 B4, T4,6,0.7424167118094562,0,7.39,8.92,10.05
11.5,2,OK,pass,OK,2.61,2.24,1.64,2.72,Plate 1 B5,Plate 1 B5, T4,6,0.4397490172516641,4.08,8.47,8.01,7.46
11.5,2,OK,pass,OK,2.54,2.17,1.79,1.79,Plate 1 B6,Plate 1 B6, T4,6,0.39387483131676554,2.6,4.98,7.52,6.22
11.5,2,OK,pass,OK,2.99,1.85,1.57,2.81,Plate 1 B7,Plate 1 B7, T4,6,0.4045777556333041,6.08,7.36,7.34,11.1
11.5,2,OK,pass,OK,1.18,1.45,0.48,3.35,Plate 1 B8,Plate 1 B8, T4,6,0.5143718081564814,10.04,7.87,2.29,2.77
11.5,2,OK,pass,OK,0,1.23,1.36,3.34,Plate 1 B9,Plate 1 B9, T4,6,0.4560131323319162,8.23,4.77,1.67,10.1
11.5,2,OK,pass,OK,2.77,2.12,1.81,2.71,Plate 1 B10,Plate 1 B10, T4,6,0.44304604113509843,5.66,7.18,8.26,8.55
11.5,2,OK,pass,OK,2.49,1.86,1.51,2.56,Plate 1 B11,Plate 1 B11, T4,6,0.589116376961234,1.43,8,1.43,3.25
11.5,2,OK,pass,OK,3.08,2.41,0.48,2.14,Plate 1 B12,Plate 1 B12, T4,6,0.7866446409489326,0,7.54,1.18,10.76
11.5,2,OK,pass,OK,0.48,0.9,1.34,3.19,Plate 1 C1,Plate 1 C1, G4,6,0.288162593587717,8.81,0,0,2.16
11.5,2,OK,pass,OK,2.26,1.64,0.85,2.95,Plate 1 C2,Plate 1 C2, G4,6,0.5838438449232932,2.15,6.94,0,10.76
11.5,2,OK,pass,OK,0,1.18,1,3.25,Plate 1 C3,Plate 1 C3, G4,6,0.571828425463007,9.19,1.46,0,2.17
11.5,2,OK,pass,OK,1.94,1.04,0.7,3.14,Plate 1 C4,Plate 1 C4, G4,6,0.2736980852509537,8.64,2.22,0,10.52
11.5,2,OK,pass,OK,1.3,1.04,3.02,3.06,Plate 1 C5,Plate 1 C5, G4,6,0.5252145515433162,5.71,0,6.12,0
11.5,2,OK,pass,OK,2.19,1.83,1.26,2.82,Plate 1 C6,Plate 1 C6, G4,6,0.5496919094303179,7.52,6.24,3.34,1.5
11.5,2,OK,pass,OK,2.27,1.04,1,2.52,Plate 1 C7,Plate 1 C7, G4,6,0.21719764997354984,9.23,7.17,0,11.4
11.5,2,OK,pass,OK,1.87,1.84,1.15,3.12,Plate 1 C8,Plate 1 C8, G4,6,0.38095284304584975,9.14,8.55,4.07,7.63
11.5,2,OK,pass,OK,0,1.11,0,3.12,Plate 1 C9,Plate 1 C9, G4,6,0.29340355357752645,7.42,0,0,6.99
11.5,2,OK,pass,OK,2.69,2.19,0.48,2.64,Plate 1 C10,Plate 1 C10, G4,6,0.3644722339212682,1.9,7.08,0,7.35
11.5,2,OK,pass,OK,2.56,2.04,1,2.75,Plate 1 C11,Plate 1 C11, G4,6,0.4856818369902352,6.02,3.74,1.61,4.13
11.5,2,OK,pass,OK,1.26,1.04,0.48,3.26,Plate 1 C12,Plate 1 C12, G4,6,0.28247511463147795,8.6,5.44,0,3.92
11.5,2,OK,pass,OK,0,0.95,0.48,3.25,Plate 1 D1,Plate 1 D1, NP68,6,0.37383109104592793,8.19,1.88,0,2.67
11.5,2,OK,pass,OK,0.78,1.04,0,3.31,Plate 1 D2,Plate 1 D2, NP68,6,0.4452786359672462,8.64,1.7,0,4.06
11.5,2,OK,pass,OK,2.56,1.86,0,2.64,Plate 1 D3,Plate 1 D3, NP68,6,1.1410093091755682,7.6,7.15,0,8.51
11.5,2,OK,pass,OK,0.9,1.08,0.3,3.16,Plate 1 D4,Plate 1 D4, NP68,6,0.31583323862857854,8.35,2.87,0,3.39
11.5,2,OK,pass,OK,1.86,1.41,0,2.99,Plate 1 D5,Plate 1 D5, NP68,6,0.2617548304721108,9.61,0,0,3.64
11.5,2,OK,pass,OK,0,1.3,1.69,3.2,Plate 1 D6,Plate 1 D6, NP68,6,0.23942437185804302,8.42,0,0,2.37
11.5,2,OK,pass,OK,1.26,1.08,1.38,3.01,Plate 1 D7,Plate 1 D7, NP68,6,0.1916919453759831,3.52,0,2.64,2.64
11.5,2,OK,pass,OK,0.6,1.15,0.9,3.3,Plate 1 D8,Plate 1 D8, NP68,6,0.38203982356008737,9.39,0,0,3.52
11.5,2,OK,pass,OK,0.48,1.18,0.78,3.33,Plate 1 D9,Plate 1 D9, NP68,6,0.34731508090815694,8.26,2.76,0,1.96
11.5,2,OK,pass,OK,0,1.11,1.45,3.38,Plate 1 D10,Plate 1 D10, NP68,6,0.19074478393204164,9.16,0,0,4.06
11.5,2,OK,pass,OK,0,0.7,0.6,3.04,Plate 1 D11,Plate 1 D11, NP68,6,0.3697537865443894,9.31,0,0,3.56
11.5,2,OK,pass,OK,1.23,0.6,0,2.88,Plate 1 D12,Plate 1 D12, NP68,6,0.2015469346855646,9.13,0,0,7.99
11.5,2,OK,pass,OK,2.34,1.28,1,2.38,Plate 1 E1,Plate 1 E1, N4,3,1.139931349246511,1.46,7.9,1.86,7.99
11.5,2,OK,pass,OK,2.81,1.99,0,2.22,Plate 1 E2,Plate 1 E2, N4,3,0.9002273392478758,6.06,8,0,9.87
11.5,2,OK,pass,OK,2.21,1.46,1.86,2.01,Plate 1 E3,Plate 1 E3, N4,3,0.9425068219883869,7.4,6.41,9.6,8.62
11.5,2,OK,pass,OK,2.26,1.77,1.32,2.03,Plate 1 E5,Plate 1 E5, N4,3,0.5810790355655021,4.74,8.27,1.44,7.65
11.5,2,OK,pass,OK,2.59,1.92,1.74,1.71,Plate 1 E6,Plate 1 E6, N4,3,0.4181131436964868,1.76,8.35,6.44,7.96
11.5,2,OK,pass,OK,2.56,1.96,1.65,1.52,Plate 1 E7,Plate 1 E7, N4,3,0.4927404448938943,2.83,6.84,9.32,10.74
11.5,2,OK,pass,OK,2.35,1.54,1.52,2.22,Plate 1 E8,Plate 1 E8, N4,3,0.4657463437415623,0,7.74,4.18,4.62
11.5,2,OK,pass,OK,2.44,1.2,0,1.18,Plate 1 E9,Plate 1 E9, N4,3,0.7645081249162434,1.21,6.78,1.21,8.78
11.5,2,OK,pass,OK,1.6,1.26,1.15,2.65,Plate 1 E10,Plate 1 E10, N4,3,0.2843423757638197,8.28,5.75,3.01,10.61
11.5,2,OK,pass,OK,2.55,1.26,0,1.88,Plate 1 E11,Plate 1 E11, N4,3,0.4286446768945979,6.56,7.87,7.38,10.12
11.5,2,OK,pass,OK,1.32,0.6,1.23,2.21,Plate 1 E12,Plate 1 E12, N4,3,0.21161841803947556,5.73,0,3.39,5.28
11.5,2,OK,pass,OK,0.48,0.7,1.28,2.77,Plate 1 F1,Plate 1 F1,NA,NA,0.37172929469889593,9.46,2.67,0,8.27
11.5,2,OK,pass,OK,1.04,1.08,0.3,2.99,Plate 1 F2,Plate 1 F2,NA,NA,0.44933789929842394,6.56,1.69,1.69,8.36
11.5,2,OK,pass,OK,0.48,1.08,0.3,2.81,Plate 1 F3,Plate 1 F3,NA,NA,0.3328776343269348,9.03,3.7,2,9.74
11.5,2,OK,pass,OK,0,1.04,1.43,2.51,Plate 1 F4,Plate 1 F4,NA,NA,0.29607364679092335,6.58,0,0,7.72
11.5,2,OK,pass,OK,1,0.85,0.3,2.91,Plate 1 F5,Plate 1 F5,NA,NA,0.349051543555383,6.24,3.26,0,10.04
11.5,2,OK,pass,OK,0.85,0.9,1.15,2.49,Plate 1 F6,Plate 1 F6,NA,NA,0.26288240361966014,8.58,0,2.26,8.32
11.5,2,OK,pass,OK,1.15,1.15,1.04,3.11,Plate 1 F7,Plate 1 F7,NA,NA,0.3132307998040346,9.5,2.88,0,8.5
11.5,2,OK,pass,OK,0.48,0.6,1.04,2.85,Plate 1 F8,Plate 1 F8,NA,NA,0.2679655033688127,6.87,2.24,0,6.5
11.5,2,OK,pass,OK,1.15,0.9,0,2.8,Plate 1 F10,Plate 1 F10,NA,NA,0.229420542892985,7.49,0,0,8.85
11.5,2,OK,pass,OK,1.15,0.78,0.7,2.39,Plate 1 F11,Plate 1 F11,NA,NA,0.21913707578733477,5.8,3.34,0,4.57
11.5,2,OK,pass,OK,0.6,1.2,1.36,3.25,Plate 1 F12,Plate 1 F12,NA,NA,0.2203323033237371,7.15,3.33,0,9.97
11.5,2,OK,pass,OK,0.78,0.78,1.77,1.63,Plate 1 G1,Plate 1 G1, N4,1,1.1832887919160795,7.13,5.72,0,10.17
11.5,2,OK,pass,OK,0.9,0.3,1.3,1.59,Plate 1 G2,Plate 1 G2, N4,1,0.6123714455562923,6.99,0,0,10.34
11.5,2,OK,pass,OK,0,0.6,0.7,2.66,Plate 1 G3,Plate 1 G3, N4,1,0.6930019461912525,7.17,0,0,9.12
11.5,2,OK,pass,OK,0.6,1,0.6,3.23,Plate 1 G5,Plate 1 G5, N4,1,0.4250860560409321,7.55,0,0,7.97
11.5,2,OK,pass,OK,1.2,0.48,1.36,1.71,Plate 1 G6,Plate 1 G6, N4,1,0.2887308904540819,2.99,2.16,2.16,10.39
11.5,2,OK,pass,OK,0.7,0.7,1.04,1.54,Plate 1 G8,Plate 1 G8, N4,1,0.42408477108590825,4.31,0,0,10.97
11.5,2,OK,pass,OK,1.4,1,0.3,1.56,Plate 1 G10,Plate 1 G10, N4,1,0.27584498452388767,5.59,0,0,10.75
11.5,2,OK,pass,OK,2,0.95,0.7,2.26,Plate 1 G11,Plate 1 G11, N4,1,0.29730044637545705,8.98,0,2.13,7.05
11.5,2,OK,pass,OK,1.76,0.48,0,2.06,Plate 1 H2,Plate 1 H2, N4,1,0.70116557577951,6.18,1.95,0,10.67
11.5,2,OK,pass,OK,1.26,0.48,1.72,1.54,Plate 1 H3,Plate 1 H3, N4,1,0.9629429577145717,6.46,6.86,7.95,10.44
11.5,2,OK,pass,OK,1.08,0.7,0.7,2.59,Plate 1 H4,Plate 1 H4, N4,1,0.3026045504615293,6.87,2.11,0,8.33
11.5,2,OK,pass,OK,1.41,0.7,1,1.86,Plate 1 H5,Plate 1 H5, N4,1,0.3529619672310842,6.38,5.85,6.17,10.4
11.5,2,OK,pass,OK,0.85,1.15,0,3.16,Plate 1 H8,Plate 1 H8, N4,1,0.5872716672918432,7.41,0,0,6.54
11.5,2,OK,pass,OK,1,0.48,1.08,1.81,Plate 1 H10,Plate 1 H10, N4,1,0.16821136215141502,7.62,0,6.18,9.14
11.5,2,OK,pass,OK,2.62,2,1.18,2.13,Plate 2 A1,Plate 2 A1, N4,3,0.6918969245066542,6.3,6.57,0,9.36
11.5,2,OK,pass,OK,2.05,0,0,2.65,Plate 2 A2,Plate 2 A2, N4,3,0.46593126573776045,9.5,4,2.4,10.82
11.5,2,OK,pass,OK,1.41,1,1.08,3.01,Plate 2 A3,Plate 2 A3, N4,3,0.2847708535598885,7.46,5.75,0,6.91
11.5,2,OK,pass,OK,2.81,1.62,0,1.85,Plate 2 A4,Plate 2 A4, N4,3,0.7520642276598886,2.66,7.61,1.87,7.64
11.5,2,OK,pass,OK,2.48,0.95,1.15,0.78,Plate 2 A5,Plate 2 A5, N4,3,0.6415665694926406,0,8.46,2.04,8.77
11.5,2,OK,pass,OK,2.66,0,0.48,2.32,Plate 2 A6,Plate 2 A6, N4,3,0.6459505738903125,0,7.13,0,11.05
11.5,2,OK,pass,OK,2.84,1.67,1.28,1.59,Plate 2 A7,Plate 2 A7, N4,3,1.1113947280283316,2.68,7.6,8.84,10.62
11.5,2,OK,pass,OK,2.36,1.8,1.72,2.18,Plate 2 A8,Plate 2 A8, N4,3,1.1520144230956502,8.15,7.87,8.23,10.37
11.5,2,OK,pass,OK,2.61,0.48,1.41,1.83,Plate 2 A9,Plate 2 A9, N4,3,0.7832168185803826,3.31,6.46,7.12,10.42
11.5,2,OK,pass,OK,2.39,1.51,0,1.99,Plate 2 A10,Plate 2 A10, N4,3,0.42342626836773944,5.91,6.95,1.75,10.9
11.5,2,OK,pass,OK,2.33,0.95,0.6,2.2,Plate 2 A11,Plate 2 A11, N4,3,0.5242087562957022,8.93,5.96,4.58,9.65
11.5,2,OK,pass,OK,2.18,1.43,0.9,2.25,Plate 2 A12,Plate 2 A12, N4,3,0.8011497419190078,8.62,8.07,5.36,10.79
11.5,2,OK,pass,OK,2.78,1.7,0.7,1.76,Plate 2 B1,Plate 2 B1, N4,3,0.38322603051130927,1.85,7.66,8.74,10.76
11.5,2,OK,pass,OK,2.62,1.99,1.46,1.72,Plate 2 B2,Plate 2 B2, N4,3,0.4486027216062217,7.25,7.29,8.53,9.92
11.5,2,OK,pass,OK,2,0.3,0.3,1.98,Plate 2 B3,Plate 2 B3, N4,3,0.45535011932115715,7.17,6.2,2.43,9.94
11.5,2,OK,pass,OK,2.55,1.9,2.12,1.53,Plate 2 B4,Plate 2 B4, N4,3,0.680860238538441,6.27,6.13,9.38,9.46
11.5,2,OK,pass,OK,1.9,1.51,0.7,2.18,Plate 2 B5,Plate 2 B5, N4,3,0.5826350865091202,8.02,7.23,0,9.81
11.5,2,OK,pass,OK,2.61,1.53,1.2,1.63,Plate 2 B6,Plate 2 B6, N4,3,0.7314567008152764,2.97,7.96,7.29,7.02
11.5,2,OK,pass,OK,2.53,1.26,1.36,1.04,Plate 2 B7,Plate 2 B7, N4,3,0.7548335473102699,2.66,7.02,7.03,9.85
11.5,2,OK,pass,OK,2.27,1.49,0.95,1.08,Plate 2 B9,Plate 2 B9, N4,3,0.44109308444354295,2.96,8.56,7.9,10.96
11.5,2,OK,pass,OK,1.89,0.48,1.4,1.81,Plate 2 B10,Plate 2 B10, N4,3,0.5736415630842665,3.28,6.88,2.64,9.21
11.5,2,OK,pass,OK,1.52,1.28,0,2.62,Plate 2 B11,Plate 2 B11, N4,3,0.3838710023517075,8.06,3.14,2.63,11
11.5,2,OK,pass,OK,2.74,1.4,1.04,2.06,Plate 2 B12,Plate 2 B12, N4,3,0.4591658268524642,3.81,7.2,1.67,10
11.5,2,OK,pass,OK,1.23,0.48,0.95,2.79,Plate 2 C2,Plate 2 C2, N4,1,0.4046499203147473,6.32,0,0,3.74
11.5,2,OK,pass,OK,0.6,0.78,0.95,2.83,Plate 2 C5,Plate 2 C5, N4,1,0.17742588991318844,3.62,2.73,0,4.16
11.5,2,OK,pass,OK,1,1.4,1.94,3.44,Plate 2 C7,Plate 2 C7, N4,1,0.45815101101966976,9.4,0,0,7.96
11.5,2,OK,pass,OK,1.65,0.48,0,1.83,Plate 2 C8,Plate 2 C8, N4,1,0.6507495252062826,0,0,0,8.92
11.5,2,OK,pass,OK,0,0.9,0.85,2.35,Plate 2 C10,Plate 2 C10, N4,1,0.6309673819056765,7.02,1.37,0,9.5
11.5,2,OK,pass,OK,1.34,0.85,1.41,1.18,Plate 2 C11,Plate 2 C11, N4,1,0.23844563836597019,3.23,0,3.76,10.8
11.5,2,OK,pass,OK,0.6,0.85,0.85,2.61,Plate 2 C12,Plate 2 C12, N4,1,0.30746664587376227,2.09,0,0,9.14
11.5,2,OK,pass,OK,0,0.95,0.7,2.46,Plate 2 D1,Plate 2 D1,NA,NA,0.39846179888099637,8.13,0,0,8.87
11.5,2,OK,pass,OK,0,1.08,1.36,3.22,Plate 2 D2,Plate 2 D2,NA,NA,0.34979123154017533,8.98,0,0,0
11.5,2,OK,pass,OK,0.78,0.9,0,2.29,Plate 2 D3,Plate 2 D3,NA,NA,0.23504487775296126,8.96,0,0,7.71
11.5,2,OK,pass,OK,0.6,0.85,0,2.84,Plate 2 D4,Plate 2 D4,NA,NA,0.44124643439160965,8.58,0,0,7.74
11.5,2,OK,pass,OK,0.78,0.85,1.15,2.2,Plate 2 D5,Plate 2 D5,NA,NA,0.28951117107218605,7.68,0,0,8.42
11.5,2,OK,pass,OK,0.85,0.85,1.2,2.89,Plate 2 D7,Plate 2 D7,NA,NA,0.4208012780802445,8.66,0,7.47,5.8
11.5,2,OK,pass,OK,0,0.7,0.85,2.98,Plate 2 D8,Plate 2 D8,NA,NA,0.7411267681286597,8.52,1.23,0,5.51
11.5,2,OK,pass,OK,0,0.85,1.18,2.89,Plate 2 D9,Plate 2 D9,NA,NA,0.7183994037666546,4.78,1.26,0,4.54
11.5,2,OK,pass,OK,0.3,0.6,1.08,3.02,Plate 2 D10,Plate 2 D10,NA,NA,0.8232772373665166,7.05,0,0,7.44
11.5,2,OK,pass,OK,0,0.85,1.04,2.52,Plate 2 D12,Plate 2 D12,NA,NA,0.30747566645894264,8.1,2.09,0,4.11
11.5,2,OK,pass,OK,2.96,2.07,1.46,2.73,Plate 2 E1,Plate 2 E1, N4,6,0.45834495360104827,7.8,8.57,2.92,10.81
11.5,2,OK,pass,OK,2.84,2.56,2.72,1.8,Plate 2 E2,Plate 2 E2, N4,6,0.552731846636111,1.49,5.53,9.92,7.8
11.5,2,OK,pass,OK,2.68,2.39,1.46,2.32,Plate 2 E3,Plate 2 E3, N4,6,0.4361001905461943,1.72,7.16,7.18,11.05
11.5,2,OK,pass,OK,2.89,2.54,2.04,1.79,Plate 2 E4,Plate 2 E4, N4,6,0.8731565631215106,0,7.6,6.91,9.43
11.5,2,OK,pass,OK,2.53,2.24,1.62,1.48,Plate 2 E5,Plate 2 E5, N4,6,0.7863740233935208,1.18,7.81,7.21,10.49
11.5,2,OK,pass,OK,2.93,2.3,2.18,2.12,Plate 2 E6,Plate 2 E6, N4,6,0.6419815164109387,1.35,8.13,8.24,11.24
11.5,2,OK,pass,OK,2.74,1.67,1.32,2.49,Plate 2 E7,Plate 2 E7, N4,6,0.9017518181433625,0,8.7,7.56,10.36
11.5,2,OK,pass,OK,2.62,2.6,0.85,1.68,Plate 2 E8,Plate 2 E8, N4,6,1.4017718752778354,1.65,8.05,1.65,9
11.5,2,OK,pass,OK,2.8,1.89,1.28,1.36,Plate 2 E9,Plate 2 E9, N4,6,1.5304640537539402,0.73,8.25,0,10.77
11.5,2,OK,pass,OK,2.77,2.17,1.88,2.14,Plate 2 E10,Plate 2 E10, N4,6,1.2272731652556854,0.86,6.63,6.5,10.27
11.5,2,OK,pass,OK,1.99,2.14,3.02,1.3,Plate 2 E11,Plate 2 E11, N4,6,0.6588003974797851,1.33,6.59,9.23,5.59
11.5,2,OK,pass,OK,3.11,2.54,2.15,1.72,Plate 2 E12,Plate 2 E12, N4,6,0.5896125091461557,4.42,5.74,8.3,10.06
11.5,2,OK,pass,OK,2.28,1.6,0.3,3.24,Plate 2 F1,Plate 2 F1, T4,6,0.48279524973250887,7.08,6.65,1.62,10.25
11.5,2,OK,pass,OK,2.72,1,1.08,2.6,Plate 2 F2,Plate 2 F2, T4,6,0.4098142053305234,3.72,5.9,1.78,10.11
11.5,2,OK,pass,OK,2.12,1.6,1.18,2.54,Plate 2 F3,Plate 2 F3, T4,6,0.4583539741862287,8.06,7.75,1.67,1.67
11.5,2,OK,pass,OK,0.7,1.34,1.04,3.37,Plate 2 F4,Plate 2 F4, T4,6,0.6010325699845358,7.65,5.41,0,6.01
11.5,2,OK,pass,OK,2.78,1.98,0,2.78,Plate 2 F5,Plate 2 F5, T4,6,0.5275373522272679,7.22,6.4,0,10.2
11.5,2,OK,pass,OK,2.55,2.54,2.33,2.15,Plate 2 F6,Plate 2 F6, T4,6,0.8986712883042577,5.32,7.72,6.66,4.32
11.5,2,OK,pass,OK,2.6,2.38,1.82,2.42,Plate 2 F7,Plate 2 F7, T4,6,1.1015216975483895,7.31,4.77,0.93,9.2
11.5,2,OK,pass,OK,2.29,2.09,0,2.84,Plate 2 F8,Plate 2 F8, T4,6,0.9710750152546979,7.15,8.7,0,10.02
11.5,2,OK,pass,OK,0,1.15,0.48,3.2,Plate 2 F9,Plate 2 F9, T4,6,0.989418375219031,9.46,1.6,1.01,2.6
11.5,2,OK,pass,OK,2.69,1.95,1.85,2.08,Plate 2 F10,Plate 2 F10, T4,6,1.3374686338193902,6.48,6.08,7.34,9.41
11.5,2,OK,pass,OK,2.46,2.12,1.81,2.37,Plate 2 F11,Plate 2 F11, T4,6,0.2389688323064331,0,7.9,7.93,5.56
11.5,2,OK,pass,OK,2.63,2.06,1.4,2.44,Plate 2 F12,Plate 2 F12, T4,6,0.4663822949967802,7.26,7.83,0,7.91
11.5,2,OK,pass,OK,1.66,1.32,1.15,3.36,Plate 2 G1,Plate 2 G1, G4,6,0.3546443063672278,9.11,8.02,6.64,8.52
11.5,2,OK,pass,OK,2.11,1.43,0,2.73,Plate 2 G2,Plate 2 G2, G4,6,0.3009853554216484,8.59,2.93,0,10.46
11.5,2,OK,pass,OK,2.72,2.18,0,2.67,Plate 2 G3,Plate 2 G3, G4,6,0.3901267781743114,2.62,9.1,0,9.21
11.5,2,OK,pass,OK,1.32,1.18,1.04,3.28,Plate 2 G4,Plate 2 G4, G4,6,0.33437054117429016,6.24,0,0,8.34
11.5,2,OK,pass,OK,1.82,1.32,1,3.12,Plate 2 G5,Plate 2 G5, G4,6,0.4442999024751733,8.28,1.7,0,3.62
11.5,2,OK,pass,OK,0,1.15,1.3,3.16,Plate 2 G6,Plate 2 G6, G4,6,0.33839372216474634,8.63,1.98,1.98,3.68
11.5,2,OK,pass,OK,0,1.32,1.61,3.34,Plate 2 G7,Plate 2 G7, G4,6,0.5092390951888367,8.66,0,1.57,2.78
11.5,2,OK,pass,OK,2.15,1.83,0,3.04,Plate 2 G8,Plate 2 G8, G4,6,0.8208010867344981,6.41,7.08,0,6.09
11.5,2,OK,pass,OK,1,1.04,0.95,2.97,Plate 2 G9,Plate 2 G9, G4,6,0.9541569077488671,7.97,2.38,0,2.38
11.5,2,OK,pass,OK,1.99,1.82,1.11,2.81,Plate 2 G10,Plate 2 G10, G4,6,1.2252660850530475,8.13,7.05,0,8.06
11.5,2,OK,pass,OK,1.79,1.38,0.3,3.39,Plate 2 G11,Plate 2 G11, G4,6,0.16293883011347415,8.21,7.48,0,6.54
11.5,2,OK,pass,OK,1.2,1.28,0.9,2.9,Plate 2 H1,Plate 2 H1, NP68,6,0.3273525259039429,9.26,0,2.02,4.67
11.5,2,OK,pass,OK,1.34,0.95,1.57,3.13,Plate 2 H2,Plate 2 H2, NP68,6,0.23941535127286262,7.8,0,0,3.23
11.5,2,OK,pass,OK,1.38,0.7,1.34,2.8,Plate 2 H3,Plate 2 H3, NP68,6,0.23323625042429205,7.63,0,0,4.18
11.5,2,OK,pass,OK,0.85,1.23,0,3.38,Plate 2 H4,Plate 2 H4, NP68,6,0.23867566328807024,8.84,0,0,4.15
11.5,2,OK,pass,OK,0.7,1.18,1.26,3.22,Plate 2 H5,Plate 2 H5, NP68,6,0.31780874678308507,8.29,0,2.05,2.05
11.5,2,OK,pass,OK,0,1.3,0,3.34,Plate 2 H6,Plate 2 H6, NP68,6,0.43050742773434947,8.36,1.73,0,3.36
11.5,2,OK,pass,OK,1.11,1.08,1.18,3.13,Plate 2 H7,Plate 2 H7, NP68,6,0.6528874038940362,8.48,2.02,1.34,2.83
11.5,2,OK,pass,OK,0.48,1.2,0,3.33,Plate 2 H8,Plate 2 H8, NP68,6,0.7237621416563995,9.73,0,1.25,1.91
11.5,2,OK,pass,OK,1,1.86,0.3,3.36,Plate 2 H9,Plate 2 H9, NP68,6,2.0340246905717185,9.04,8.22,0,1.31
11.5,2,OK,pass,OK,0.7,0.85,1.46,3.35,Plate 2 H10,Plate 2 H10, NP68,6,1.5636733380955643,9.63,0,0,1.55
11.5,2,OK,pass,OK,1.83,1,1.04,1.2,Plate 2 H11,Plate 2 H11, NP68,6,0.32392019324280263,3.36,8.07,0,10.17
11.5,2,OK,pass,OK,0.48,0.78,1.51,2.96,Plate 3 A1,Plate 3 A1, G4,6,0.47777529407961905,9.24,4.31,2.37,4.45
11.5,2,OK,pass,OK,2.38,1.88,0.7,2.68,Plate 3 A2,Plate 3 A2, G4,6,0.5304690424108962,5.41,6.07,0,9.75
11.5,2,OK,pass,OK,1.28,0.7,0,3.16,Plate 3 A3,Plate 3 A3, G4,6,0.39237741417682,8.15,0,0,4.03
11.5,2,OK,pass,OK,1.98,1.49,1.57,3.08,Plate 3 A4,Plate 3 A4, G4,6,0.28579017968527315,9.02,7.03,3,4.46
11.5,2,OK,pass,OK,2.29,0.85,0,2.74,Plate 3 A5,Plate 3 A5, G4,6,0.4517554161267698,8.88,0,0,8.95
11.5,2,OK,pass,OK,0.7,0.95,0.78,3.18,Plate 3 A6,Plate 3 A6, G4,6,0.36573962613911365,7.8,0,0,4.82
11.5,2,OK,pass,OK,2.6,2.21,0,2.99,Plate 3 A7,Plate 3 A7, G4,6,1.0632879472612855,6.53,6.54,0.96,10.26
11.5,2,OK,pass,OK,2.42,2,2,2.47,Plate 3 A9,Plate 3 A9, G4,6,0.9907038086072373,6.9,5.92,5.6,7.59
11.5,2,OK,pass,OK,0,1,1.34,2.94,Plate 3 A10,Plate 3 A10, G4,6,0.3805063240794202,4.77,1.86,0,6.54
11.5,2,OK,pass,OK,1.76,0.95,1.36,3.17,Plate 3 A11,Plate 3 A11, G4,6,0.48007103300802956,8.94,0,0,9.4
11.5,2,OK,pass,OK,1.11,1.82,0,3.18,Plate 3 A12,Plate 3 A12, G4,6,0.3516990853058289,9.99,0,0,3.25
11.5,2,OK,pass,OK,0.48,0.9,1.38,2.62,Plate 3 B1,Plate 3 B1, NP68,6,0.7272801698767535,8.61,1.25,1.91,6.5
11.5,2,OK,pass,OK,0,1.11,0,3.24,Plate 3 B2,Plate 3 B2, NP68,6,0.24774586168695736,7.85,2.33,0,2.33
11.5,2,OK,pass,OK,0,0.48,1.72,2.64,Plate 3 B3,Plate 3 B3, NP68,6,0.2730350722401947,8.42,2.22,7.61,4.27
11.5,2,OK,pass,OK,0,1.04,1.41,3.32,Plate 3 B4,Plate 3 B4, NP68,6,0.11706013388598538,8.77,0,0,4.73
11.5,2,OK,pass,OK,0,1.23,0.6,3.11,Plate 3 B5,Plate 3 B5, NP68,6,0.2466092679542276,8.75,0,0,4.41
11.5,2,OK,pass,OK,2.51,2.02,1.15,3.24,Plate 3 B6,Plate 3 B6, NP68,6,0.4651780468751974,7.36,7.88,0,9.44
11.5,2,OK,pass,OK,0.3,0.95,1.23,3.14,Plate 3 B7,Plate 3 B7, NP68,6,0.2919512393634829,4.64,0,2.15,2.97
11.5,2,OK,pass,OK,0,1.08,0.7,3.25,Plate 3 B8,Plate 3 B8, NP68,6,0.4864215249750276,9.04,0,0,3.21
11.5,2,OK,pass,OK,0,1.3,0,3.32,Plate 3 B9,Plate 3 B9, NP68,6,0.4172065748858571,9.71,0,0,3.7
11.5,2,OK,pass,OK,1.3,1.18,1.15,3.37,Plate 3 B10,Plate 3 B10, NP68,6,0.27540748614263855,7.45,2.21,3.05,3.96
11.5,2,OK,pass,OK,0,1.4,0.6,3.43,Plate 3 B11,Plate 3 B11, NP68,6,0.432095050726099,8.77,0,0,3.9
11.5,2,OK,pass,OK,2.71,2.34,1,2.15,Plate 3 C1,Plate 3 C1, N4,6,0.5462415355988168,0,7.94,1.5,3.34
11.5,2,OK,pass,OK,2.9,2.59,0.95,1.98,Plate 3 C2,Plate 3 C2, N4,6,0.7149309887647927,0,8.42,7.93,3.43
11.5,2,OK,pass,OK,2.57,2.51,0.7,1.32,Plate 3 C3,Plate 3 C3, N4,6,0.5153325004781936,3.42,8.24,1.56,7.86
11.5,2,OK,pass,OK,2.87,1.79,1.63,1.7,Plate 3 C4,Plate 3 C4, N4,6,0.62145517483295,2.08,7.25,1.38,10.99
11.5,2,OK,pass,OK,2.93,2.53,0,1.85,Plate 3 C5,Plate 3 C5, N4,6,0.5765867841456654,1.45,5.16,1.45,9.51
11.5,2,OK,pass,OK,2.72,2.32,0,2.04,Plate 3 C6,Plate 3 C6, N4,6,0.5629025564270063,0,6.89,1.47,8.76
11.5,2,OK,pass,OK,2.68,2.63,2.17,1.83,Plate 3 C7,Plate 3 C7, N4,6,0.7282002695651538,0,6.15,7.45,8.53
11.5,2,OK,pass,OK,2.81,2.34,1.85,1.36,Plate 3 C8,Plate 3 C8, N4,6,0.33387440898936843,2.81,8.03,5.61,3.7
11.5,2,OK,pass,OK,2.54,1.93,2.2,2.18,Plate 3 C9,Plate 3 C9, N4,6,0.9327645899935604,2.67,6.35,6.67,4.62
11.5,2,OK,pass,OK,2.86,2.31,1.52,1.92,Plate 3 C10,Plate 3 C10, N4,6,0.5313124671252631,1.53,5.53,6.06,8.42
11.5,2,OK,pass,OK,2.37,2.23,0,2.34,Plate 3 C11,Plate 3 C11, N4,6,0.5067223519235066,6.95,6.21,0,5.03
11.5,2,OK,pass,OK,2.67,2.15,1.48,2.45,Plate 3 C12,Plate 3 C12, N4,6,0.6335517795598596,6.65,8.63,4.63,11.64
11.5,2,OK,pass,OK,2.56,2.05,1.23,2.33,Plate 3 D1,Plate 3 D1, T4,6,0.643312052725047,5.75,7.12,1.35,9.26
11.5,2,OK,pass,OK,2.45,1.7,0,2.15,Plate 3 D2,Plate 3 D2, T4,6,0.5224768039410663,7.63,7.08,1.54,10.87
11.5,2,OK,pass,OK,2.71,2.49,0,1.4,Plate 3 D3,Plate 3 D3, T4,6,0.8379582397476094,5.98,8.16,1.13,8.81
11.5,2,OK,pass,OK,2.73,2.26,2.25,2.95,Plate 3 D4,Plate 3 D4, T4,6,0.8799941666882499,7.99,7.39,7.78,8.38
11.5,2,OK,pass,OK,2.27,1.95,1.3,2.25,Plate 3 D5,Plate 3 D5, T4,6,0.75814861236406506,2.65,5.78,1.21,10.02
11.5,2,OK,pass,OK,2.51,1.53,1.6,2.54,Plate 3 D6,Plate 3 D6, T4,6,0.5712691491818226,0,8.05,0,9.11
11.5,2,OK,pass,OK,1.46,1.52,1.34,3.08,Plate 3 D7,Plate 3 D7, T4,6,0.7106371902189247,9.05,7.18,1.27,10.93
11.5,2,OK,pass,OK,2.6,2.25,2.43,2.73,Plate 3 D8,Plate 3 D8, T4,6,0.8008250008525135,1.17,6.2,9.45,2.58
11.5,2,OK,pass,OK,1.93,0.95,1.73,3.3,Plate 3 D9,Plate 3 D9, T4,6,0.4875355672448064,9.76,7.47,2.84,8.96
11.5,2,OK,pass,OK,2.12,1.68,0.9,2.81,Plate 3 D10,Plate 3 D10, T4,6,0.4001396277245498,6.79,8.26,0,11.12
11.5,2,OK,pass,OK,2.2,1.34,1.3,2.61,Plate 3 D11,Plate 3 D11, T4,6,0.34676933550474304,2.76,6.13,5.03,9.5
11.5,2,OK,pass,OK,2.03,1.59,1.48,3.14,Plate 3 D12,Plate 3 D12, T4,6,0.8461128487506865,9.31,3.54,5.23,4.99
11.5,2,OK,pass,OK,0.48,0,0.3,1.85,Plate 3 E1,Plate 3 E1, N4,1,0.28555113417799266,7.86,3,0,10.76
11.5,2,OK,pass,OK,0,0.6,0,1.66,Plate 3 E2,Plate 3 E2, N4,1,0.38747021583868513,4.04,1.84,0,7.82
11.5,2,OK,pass,OK,1.66,0.95,1.32,2.21,Plate 3 E3,Plate 3 E3, N4,1,0.41560542101633696,4.9,6.33,0,9.27
11.5,2,OK,pass,OK,0.78,0.78,0,2.39,Plate 3 E4,Plate 3 E4, N4,1,0.4728229928155822,3.78,0,0,9
11.5,2,OK,pass,OK,0.9,1.11,0.48,2.62,Plate 3 E5,Plate 3 E5, N4,1,0.35332279063829997,3.62,1.94,0,10.05
11.5,2,OK,pass,OK,0,0.85,0.3,3,Plate 3 E8,Plate 3 E8, N4,1,0.38507074018070003,7.39,0,0,7.84
11.5,2,OK,pass,OK,0.7,0.7,0.95,2.73,Plate 3 E9,Plate 3 E9, N4,1,0.46823602525135133,7.77,0,0,2.4
11.5,2,OK,pass,OK,1.45,0.6,0.3,1.72,Plate 3 E10,Plate 3 E10, N4,1,0.3281102550590961,3.34,2.83,0,8.81
11.5,2,OK,pass,OK,0,0.48,1.43,1.71,Plate 3 E11,Plate 3 E11, N4,1,0.41169499734063575,7.66,4.79,0,9.83
11.5,2,OK,pass,OK,1.41,0.48,0.7,2.02,Plate 3 E12,Plate 3 E12, N4,1,0.3660778980833785,3.2,6,0,10.03
11.5,2,OK,pass,OK,0,1,1.2,3.15,Plate 3 F1,Plate 3 F1,NA,NA,0.4306382262194652,6.19,1.73,0,8
11.5,2,OK,pass,OK,0,0.78,0.85,2.84,Plate 3 F2,Plate 3 F2,NA,NA,0.33417208830032147,8.41,0,0,4
11.5,2,OK,pass,OK,1.18,0.85,1.52,3.02,Plate 3 F3,Plate 3 F3,NA,NA,0.40306229732299775,8.03,3.99,0,6.72
11.5,2,OK,pass,OK,0.7,1.04,0,3.21,Plate 3 F4,Plate 3 F4,NA,NA,0.2873101482881697,7.45,0,0,7.06
11.5,2,OK,pass,OK,0.9,1.11,1.43,2.91,Plate 3 F5,Plate 3 F5,NA,NA,0.33994075252318406,6.22,0,0,8.99
11.5,2,OK,pass,OK,0.3,1.15,1.34,3.11,Plate 3 F6,Plate 3 F6,NA,NA,0.28177150898740716,8.21,3.02,0,3.54
11.5,2,OK,pass,OK,0.95,0.95,0,3.12,Plate 3 F7,Plate 3 F7,NA,NA,0.3937350122464694,7.35,0,0,4.58
11.5,2,OK,pass,OK,0.78,1.04,0,2.65,Plate 3 F8,Plate 3 F8,NA,NA,0.24559896241402338,7.21,2.34,0,7.16
11.5,2,OK,pass,OK,0.78,0.85,0,3.12,Plate 3 F9,Plate 3 F9,NA,NA,0.32426748577224784,8.26,2.84,0,7.78
11.5,2,OK,pass,OK,0.6,1.11,0.78,2.47,Plate 3 F10,Plate 3 F10,NA,NA,0.2904718633938981,7.88,2.15,0,7
11.5,2,OK,pass,OK,0.6,1.15,1.04,3.29,Plate 3 F11,Plate 3 F11,NA,NA,0.38403337288495465,8.73,1.85,1.85,3.14
11.5,2,OK,pass,OK,0.3,0.78,0.3,2.79,Plate 3 F12,Plate 3 F12,NA,NA,0.31136353867169286,8.62,0,0,8.89
11.5,2,OK,pass,OK,2.64,1.36,1.9,2.19,Plate 3 G1,Plate 3 G1, N4,3,0.35086017088405214,1.94,6.92,7.93,8.97
11.5,2,OK,pass,OK,2.33,1.15,0.85,2.15,Plate 3 G2,Plate 3 G2, N4,3,0.7461422134889594,7.59,6.39,1.88,9.41
11.5,2,OK,pass,OK,2.86,1.92,1.26,1.96,Plate 3 G3,Plate 3 G3, N4,3,0.5110747842730471,2.3,7.15,2.78,11.16
11.5,2,OK,pass,OK,2.25,1.11,1.79,1.43,Plate 3 G4,Plate 3 G4, N4,3,0.7367608049013485,0,2.34,7.17,9.17
11.5,2,OK,pass,OK,2.77,0.95,1.18,2.47,Plate 3 G5,Plate 3 G5, N4,3,0.5968289772904717,8.19,4.96,1.42,10.29
11.5,2,OK,pass,OK,2.61,1,0.78,1.81,Plate 3 G6,Plate 3 G6, N4,3,0.5014723713485167,3.7,7.25,0,9.1
11.5,2,OK,pass,OK,2.1,1,1.62,2.25,Plate 3 G7,Plate 3 G7, N4,3,0.5072229944010185,7.57,7.54,2.31,9.69
11.5,2,OK,pass,OK,2.62,1,0.7,2.02,Plate 3 G8,Plate 3 G8, N4,3,0.7740879863778228,1.2,8.07,1.84,10.57
11.5,2,OK,pass,OK,2.51,1.99,1.99,1.87,Plate 3 G9,Plate 3 G9, N4,3,0.4979227710800312,2.81,8.3,7.89,9.14
11.5,2,OK,pass,OK,2.36,1.49,0.6,1.81,Plate 3 G10,Plate 3 G10, N4,3,0.5070335621122302,0,7.33,1.57,9.55
11.5,2,OK,pass,OK,2.62,1.82,1.23,2.33,Plate 3 G11,Plate 3 G11, N4,3,0.5333601399612129,6.02,6.17,1.52,9.4
11.5,2,OK,pass,OK,2.64,1.4,0,1.81,Plate 3 H2,Plate 3 H2, N4,3,1.8502979219100237,1.89,7.24,0,9.1
11.5,2,OK,pass,OK,0.6,1.23,1.45,3.15,Plate 3 H3,Plate 3 H3, N4,3,0.7654146937268731,5.23,2.64,1.21,9.73
11.5,2,OK,pass,OK,2.57,0.95,1.04,2.06,Plate 3 H4,Plate 3 H4, N4,3,1.2541590193858525,6.73,7.46,0.85,10.33
11.5,2,OK,pass,OK,2.84,2.03,1.57,1.45,Plate 3 H5,Plate 3 H5, N4,3,0.7413342415878088,5.17,7.8,8.78,10.14
11.5,2,OK,pass,OK,2.65,1.76,0,1.45,Plate 3 H8,Plate 3 H8, N4,3,1.3818318717365725,5.47,8.49,1.29,8.71
11.5,2,OK,pass,OK,0.9,0.85,1.67,2.93,Plate 3 H9,Plate 3 H9, N4,3,0.8635992531228821,9.34,3.36,1.11,10.65
11.5,2,OK,pass,OK,2.73,1.54,1.32,1.69,Plate 3 H10,Plate 3 H10, N4,3,1.0588407987673507,1.94,6.59,0,10.44
11.5,2,OK,pass,OK,2.13,0.95,0.85,2.23,Plate 3 H11,Plate 3 H11, N4,3,1.1864956099477098,8.64,6.46,8.84,11.47
11.5,2,OK,pass,OK,1.97,0.3,1.15,1.81,Plate 4 A1,Plate 4 A1, N4,1,1.932060505985124,0.6,0.6,0,10.33
11.5,2,OK,pass,OK,1.68,0.7,1.34,1.81,Plate 4 A2,Plate 4 A2, N4,1,0.3622261082113498,8.06,6.19,0,11.7
11.5,2,OK,pass,OK,0.3,1.08,1.69,2.8,Plate 4 A3,Plate 4 A3, N4,1,0.42548747208145965,6.38,0,7.91,10.23
11.5,2,OK,pass,OK,0.3,0.78,1.18,1.61,Plate 4 A4,Plate 4 A4, N4,1,0.5172764365845687,1.55,0,1.55,11.71
11.5,2,OK,pass,OK,1.23,0.3,1.11,1.85,Plate 4 A6,Plate 4 A6, N4,1,0.323288752280175,4.85,2.03,2.03,5.25
11.5,2,OK,pass,OK,1.26,1.11,0.3,2.47,Plate 4 A7,Plate 4 A7, N4,1,0.5787652554667309,5.41,1.45,1.45,9.84
11.5,2,OK,pass,OK,0,0.7,1.11,0.85,Plate 4 A8,Plate 4 A8, N4,1,0.46178630684736893,6.62,0,0,11.06
11.5,2,OK,pass,OK,1.73,1,0.78,2.78,Plate 4 A10,Plate 4 A10, N4,1,0.3621629641150871,3.89,0,1.91,4.84
11.5,2,OK,pass,OK,0.78,0.6,1.15,2.8,Plate 4 A11,Plate 4 A11, N4,1,0.5282138961157975,2.26,0,0,8.6
11.5,2,OK,pass,OK,1.15,0.7,0.48,2.34,Plate 4 A12,Plate 4 A12, N4,1,0.43139144508202815,7.15,7.08,0,10.34
11.5,2,OK,pass,OK,0,0.95,0.48,2.04,Plate 4 B1,Plate 4 B1, N4,1,1.0995236379309319,7.11,0.93,6.31,9.46
11.5,2,OK,pass,OK,0,0.95,0.48,2.85,Plate 4 B3,Plate 4 B3, N4,1,0.35813978312463085,6.36,1.92,0,3.61
11.5,2,OK,pass,OK,1.23,0.6,0.95,1.98,Plate 4 B4,Plate 4 B4, N4,1,0.3615630952005908,3.22,1.91,0,10.38
11.5,2,OK,pass,OK,1.81,0.7,1.54,1.7,Plate 4 B5,Plate 4 B5, N4,1,0.5726808707625545,6.6,2.64,0,10.25
11.5,2,OK,pass,OK,1.04,0.48,0.9,2.09,Plate 4 B6,Plate 4 B6, N4,1,0.4159121209124704,2.54,1.77,0,9.49
11.5,2,OK,pass,OK,0,0.3,0.48,1.54,Plate 4 B7,Plate 4 B7, N4,1,0.2613579247241734,0,0,0,10.31
11.5,2,OK,pass,OK,0.6,0.9,1.26,2.77,Plate 4 B8,Plate 4 B8, N4,1,0.5039846043212567,1.58,5.6,0,5.92
11.5,2,OK,pass,OK,0.48,0.7,0,2.14,Plate 4 B9,Plate 4 B9, N4,1,0.4347651439394959,2.49,0,0,10.65
11.5,2,OK,pass,OK,0.48,0,0,2.45,Plate 4 B10,Plate 4 B10, N4,1,0.30044412031082474,7.44,0,0,8.4
11.5,2,OK,pass,OK,0.6,0.7,0.48,2.84,Plate 4 B12,Plate 4 B12, N4,1,0.44015945387737204,5.61,0,0,3.87
11.5,2,OK,pass,OK,2.01,1.2,0.95,1.45,Plate 4 C1,Plate 4 C1, N4,3,1.6956039066514308,1.75,8.51,1.12,10.12
11.5,2,OK,pass,OK,2.66,1.64,1.18,1.46,Plate 4 C2,Plate 4 C2, N4,3,0.9366073592804086,1.05,8.64,7.47,8.64
11.5,2,OK,pass,OK,2.49,1.2,1.59,2.03,Plate 4 C3,Plate 4 C3, N4,3,0.7043814143963208,0,7.57,1.94,9.35
11.5,2,OK,pass,OK,2.35,1,0.48,1.75,Plate 4 C4,Plate 4 C4, N4,3,0.7242672944265016,0,7.91,1.25,9.37
11.5,2,OK,pass,OK,2.86,1.79,0,2.05,Plate 4 C5,Plate 4 C5, N4,3,0.7111739150371582,6.95,8.21,4.04,9.37
11.5,2,OK,pass,OK,3.13,2.32,2.36,1.89,Plate 4 C6,Plate 4 C6, N4,3,0.8245626707547228,5.44,8.7,10.14,10.49
11.5,2,OK,pass,OK,1.79,1.26,1.82,2.51,Plate 4 C7,Plate 4 C7, N4,3,0.4238547461638082,7.49,8.23,8.24,8.86
11.5,2,OK,pass,OK,2.65,1.36,0.3,1.91,Plate 4 C8,Plate 4 C8, N4,3,0.5458040372175677,6.03,6.28,3.06,9.35
11.5,2,OK,pass,OK,2.16,1.81,1.23,2.21,Plate 4 C9,Plate 4 C9, N4,3,0.5516899690477753,0,6.83,5.35,11.09
11.5,2,OK,pass,OK,2.63,1.26,0,2,Plate 4 C11,Plate 4 C11, N4,3,0.6705451993846594,1.32,6.15,1.99,8.93
11.5,2,OK,pass,OK,2.73,1.45,1.95,1.75,Plate 4 C12,Plate 4 C12, N4,3,0.716216422152999,1.26,7.85,7.86,8.82
11.5,2,OK,pass,OK,0,0.3,1.38,2.03,Plate 4 D1,Plate 4 D1,NA,NA,1.2171159863425605,8.08,0.87,1.4,7.61
11.5,2,OK,pass,OK,0.3,0.7,1.18,2.67,Plate 4 D2,Plate 4 D2,NA,NA,0.7962786259215945,7.91,1.17,0,1.81
11.5,2,OK,pass,OK,0.95,0.48,1.38,2.88,Plate 4 D3,Plate 4 D3,NA,NA,0.3949527912458227,8.09,3.1,0,9.08
11.5,2,OK,pass,OK,0,0.7,1.34,2.86,Plate 4 D4,Plate 4 D4,NA,NA,0.6385446734572082,3.38,0,2.05,7.9
11.5,2,OK,pass,OK,0.95,0.85,0.6,3.06,Plate 4 D5,Plate 4 D5,NA,NA,0.2708114979932273,7.54,0,3.07,7.87
11.5,2,OK,pass,OK,0.95,0.9,0.78,3.04,Plate 4 D6,Plate 4 D6,NA,NA,0.253149192210014,8.33,2.31,0,5.47
11.5,2,OK,pass,OK,0,1.11,1.11,2.99,Plate 4 D7,Plate 4 D7,NA,NA,0.3100735949908964,7.09,0,0,8.82
11.5,2,OK,pass,OK,1.11,1.08,1.7,2.86,Plate 4 D8,Plate 4 D8,NA,NA,0.37984331106866115,9.35,0,0,8.12
11.5,2,OK,pass,OK,0.95,0.78,0.48,2.49,Plate 4 D9,Plate 4 D9,NA,NA,0.3024241387579214,8,3.45,0,8.39
11.5,2,OK,pass,OK,1.04,0.85,1.88,2.67,Plate 4 D10,Plate 4 D10,NA,NA,0.5128428189684046,8.75,0,2.29,7.89
11.5,2,OK,pass,OK,1.11,0.3,0.85,2.8,Plate 4 D11,Plate 4 D11,NA,NA,0.2849106726301846,8.42,2.17,5.03,8.86
11.5,2,OK,pass,OK,2.1,0.85,0.85,2.57,Plate 4 E1,Plate 4 E1, G4,6,1.1597450645952485,4.55,4.5,0,8.51
11.5,2,OK,pass,OK,1.2,1.11,0.48,3.1,Plate 4 E2,Plate 4 E2, G4,6,0.8068733032159683,6.57,0,0,8.07
11.5,2,OK,pass,OK,0.48,0.48,0.3,2.36,Plate 4 E3,Plate 4 E3, G4,6,0.4149875109314799,5.01,2.54,1.77,1.77
11.5,2,OK,pass,OK,0.95,1.11,1.08,3.17,Plate 4 E4,Plate 4 E4, G4,6,0.6613847951339683,10.03,6.17,0,0
11.5,2,OK,pass,OK,2.46,1.73,1.23,2.67,Plate 4 E5,Plate 4 E5, G4,6,0.6937732062241764,2.76,6.83,0,9.39
11.5,2,OK,pass,OK,0,1.28,0.95,3.41,Plate 4 E6,Plate 4 E6, G4,6,0.5324039579320909,10.05,0,0,2.25
11.5,2,OK,pass,OK,0,1.11,0.7,3.2,Plate 4 E7,Plate 4 E7, G4,6,0.5555146971642628,9.59,0,0,3.04
11.5,2,OK,pass,OK,2.31,1.8,1.28,3.06,Plate 4 E8,Plate 4 E8, G4,6,0.43505831295785874,8.8,7.07,2.98,6.43
11.5,2,OK,pass,OK,1.52,1.46,0,3.17,Plate 4 E9,Plate 4 E9, G4,6,0.42353451538990416,7.38,7.6,0,3.92
11.5,2,OK,pass,OK,2.46,1.93,1.15,3.06,Plate 4 E10,Plate 4 E10, G4,6,1.1165680336292882,8.2,8.16,2.67,1.88
11.5,2,OK,pass,OK,2.45,2.15,0,2.73,Plate 4 E11,Plate 4 E11, G4,6,0.7803167004448855,7.46,8.45,1.83,7.61
11.5,2,OK,pass,OK,1.6,1.34,0.7,3.26,Plate 4 E12,Plate 4 E12, G4,6,0.6916939613400953,8.15,5.47,0,7.05
11.5,2,OK,pass,OK,0,1,0,3.24,Plate 4 F1,Plate 4 F1, NP68,6,1.6423599026241495,9.74,0,0.69,2.22
11.5,2,OK,pass,OK,0.6,1,1.28,2.93,Plate 4 F2,Plate 4 F2, NP68,6,0.7841730006095045,6.56,0,0,1.83
11.5,2,OK,pass,OK,0,1.2,1.34,3.34,Plate 4 F3,Plate 4 F3, NP68,6,0.38240064696730314,8.76,1.85,0,3.14
11.5,2,OK,pass,OK,0.48,0.78,0.3,3.1,Plate 4 F4,Plate 4 F4, NP68,6,0.37743481482549573,7.62,1.87,0,3.54
11.5,2,OK,pass,OK,0,1.26,1.11,3.23,Plate 4 F5,Plate 4 F5, NP68,6,0.3754502860858088,8.7,0,0,1.87
11.5,2,OK,pass,OK,0.6,1.04,1.23,3.37,Plate 4 F6,Plate 4 F6, NP68,6,0.26585468643660026,9.23,0,2.25,3.09
11.5,2,OK,pass,OK,0.85,1.04,0.7,3.4,Plate 4 F7,Plate 4 F7, NP68,6,0.3565341189625206,9.2,2.72,1.93,1.93
11.5,2,OK,pass,OK,2.28,1.88,1.61,3.14,Plate 4 F8,Plate 4 F8, NP68,6,0.41230839713290257,7.31,5.02,0,0
11.5,2,OK,pass,OK,0,1,0.78,3.13,Plate 4 F9,Plate 4 F9, NP68,6,0.42571749700355976,9.25,0,0,2.51
11.5,2,OK,pass,OK,0.48,1.04,0.3,3.05,Plate 4 F10,Plate 4 F10, NP68,6,0.5843941006192973,9.58,0,0,2.62
11.5,2,OK,pass,OK,0,1.26,1.57,3.37,Plate 4 F11,Plate 4 F11, NP68,6,0.5110883151508178,7.53,2.3,0,1.56
11.5,2,OK,pass,OK,0,1.11,0.78,3.34,Plate 4 F12,Plate 4 F12, NP68,6,0.4834131598173659,9.15,1.62,0,1.62
11.5,2,OK,pass,OK,2.62,2.41,1.46,2.24,Plate 4 G1,Plate 4 G1, N4,6,1.7576520018147774,0,7.04,0,9.27
11.5,2,OK,pass,OK,2.61,2.1,0,2.18,Plate 4 G2,Plate 4 G2, N4,6,0.8729716411253124,5.32,7.26,1.1,7.65
11.5,2,OK,pass,OK,2.68,2.6,1.86,1.59,Plate 4 G3,Plate 4 G3, N4,6,0.7322820843592824,0,7.17,7.89,8.71
11.5,2,OK,pass,OK,2.84,2.41,1.95,1.77,Plate 4 G4,Plate 4 G4, N4,6,0.8886584387540193,0,8.37,8.72,8.14
11.5,2,OK,pass,OK,1.83,1.53,2.27,0.78,Plate 4 G5,Plate 4 G5, N4,6,0.5169652263958451,2.28,0,7.9,6.26
11.5,2,OK,pass,OK,2.74,2.66,0,1.79,Plate 4 G6,Plate 4 G6, N4,6,0.8776803865894786,1.1,6.69,1.71,7.71
11.5,2,OK,pass,OK,2.57,2.55,2.04,1.63,Plate 4 G7,Plate 4 G7, N4,6,0.8137785611715607,1.16,5.24,7.02,3.44
11.5,2,OK,pass,OK,2.64,2.48,0.78,1.85,Plate 4 G8,Plate 4 G8, N4,6,0.8492159300527423,2.51,6.83,1.12,8.19
11.5,2,OK,pass,OK,2.64,2.05,0.3,2.45,Plate 4 G9,Plate 4 G9, N4,6,0.7775699322574553,6.66,7.14,6.16,10.36
11.5,2,OK,pass,OK,2.59,1,0,2.34,Plate 4 G10,Plate 4 G10, N4,6,0.5592356885511758,7.24,7.31,0,11
11.5,2,OK,pass,OK,2.6,2.08,0.78,2.64,Plate 4 H1,Plate 4 H1, T4,6,3.0089920883317567,1.58,7.37,4.6,6.95
11.5,2,OK,pass,OK,2.36,0.9,1.45,2.5,Plate 4 H2,Plate 4 H2, T4,6,4.042593289764363,6.94,7.54,7.57,10.28
11.5,2,OK,pass,OK,2.88,2.6,1.59,1.89,Plate 4 H3,Plate 4 H3, T4,6,7.823458810812155,1.72,7.54,0.33,1.27
11.5,2,OK,pass,OK,2.35,2.42,0,2.03,Plate 4 H4,Plate 4 H4, T4,6,3.9092284481648125,0.33,7.95,0,6.51
11.5,2,OK,pass,OK,2.42,2.36,1.7,2.06,Plate 4 H5,Plate 4 H5, T4,6,1.349962144294237,1.31,6.92,2.79,8.67
11.5,2,OK,pass,OK,2.7,2.13,1.3,1.49,Plate 4 H6,Plate 4 H6, T4,6,1.3432824009681548,3.99,8.04,6.42,8.36
11.5,2,OK,pass,OK,2.29,2.45,2.16,2.67,Plate 4 H7,Plate 4 H7, T4,6,1.1433591716150613,7.39,5.13,6.98,3
11.5,2,OK,pass,OK,2.78,1.65,1.68,2.52,Plate 4 H8,Plate 4 H8, T4,6,1.0579477608344916,6.67,7.13,7.29,8.64
11.5,2,OK,pass,OK,2.77,2.04,2.31,1.95,Plate 4 H9,Plate 4 H9, T4,6,1.030344770182483,7.04,6.91,7.34,8.52
11.5,2,OK,pass,OK,2.44,1.92,0,3.24,Plate 4 H10,Plate 4 H10, T4,6,0.9251467058087168,5.15,7.69,1.66,10.82
11.5,2,OK,pass,OK,2.86,2.35,1.49,1.89,Plate 4 H11,Plate 4 H11, T4,6,1.0451520607561013,1.54,6.95,2.27,7.38
