age,individual,single.cell.well.quality,post.analysis.well.quality,single.cell.quality,CD69.measurement..log10.,CD25.measurement..log10.,CD44.measurement..log10.,CD62L.measurement..log10.,sorting.plate.well,sequencing.plate.well,stimulus,time,sizeFactor
25,1,OK,pass,OK,0.301029995663981,0.301029995663981,0.778151250383644,3.6200318951263,Plate 3 A1,Plate 3 A1,peptide G4,6,0.5491145919787725
25,1,OK,pass,OK,2.90200289135073,1.90848501887865,1.44715803134222,2.86746748785905,Plate 3 A2,Plate 3 A2,peptide G4,6,0.6850773621102755
25,1,OK,pass,OK,0,0.477121254719662,1.8750612633917,3.44138088491651,Plate 3 A3,Plate 3 A3,peptide G4,6,0.742709880827819
25,1,OK,pass,OK,3.17435059747938,2.22010808804005,0,2.4345689040342,Plate 3 A4,Plate 3 A4,peptide G4,6,0.6848969504066676
25,1,OK,pass,OK,1.98227123303957,1.14612803567824,1.04139268515823,3.123198075032,Plate 3 A5,Plate 3 A5,peptide G4,6,0.9985968206400827
25,1,OK,pass,OK,2.32633586092875,0.477121254719662,1.39794000867204,3.15106325335375,Plate 3 A6,Plate 3 A6,peptide G4,6,1.1512251218923653
25,1,OK,pass,OK,2.79934054945358,1.77085201164214,1.25527250510331,3.01703333929878,Plate 3 A7,Plate 3 A7,peptide G4,6,1.4099941386697652
25,1,OK,pass,OK,2.8733206018154,0.698970004336019,1.61278385671974,2.97173959088778,Plate 3 A8,Plate 3 A8,peptide G4,6,1.6161099997491999
25,1,OK,pass,OK,1.6232492903979,0.477121254719662,0,3.51851393987789,Plate 3 A9,Plate 3 A9,peptide G4,6,1.023268121108463
25,1,OK,pass,OK,0.301029995663981,0.903089986991944,1.30102999566398,3.52244423350632,Plate 3 A10,Plate 3 A10,peptide G4,6,0.567214396143235
25,1,OK,pass,OK,2.75127910398334,1.97772360528885,1.38021124171161,3.34849957028384,Plate 3 A11,Plate 3 A11,peptide G4,6,1.8232091046132977
25,1,OK,pass,OK,2.76566855475901,2.11727129565576,1.66275783168157,2.90741136077459,Plate 3 A12,Plate 3 A12,peptide G4,6,0.9065237077037913
25,1,OK,pass,OK,2.52633927738984,1,1.50514997831991,3.2895889525426,Plate 3 B1,Plate 3 B1,peptide G4,6,0.6710593727399418
25,1,OK,pass,OK,1.7160033436348,1.81291335664286,0,3.51600623038605,Plate 3 B2,Plate 3 B2,peptide G4,6,0.9842225181551233
25,1,OK,pass,OK,2.91539983521227,2.44090908206522,1.99563519459755,2.66931688056611,Plate 3 B3,Plate 3 B3,peptide G4,6,2.5062838968135255
25,1,OK,pass,OK,3.12483014941386,1.80617997398389,0.698970004336019,3.23401081758718,Plate 3 B4,Plate 3 B4,peptide G4,6,0.7138304773727844
25,1,OK,pass,OK,2.94398887507377,1.63346845557959,0,3.04766419460156,Plate 3 B5,Plate 3 B5,peptide G4,6,1.1195087443980967
25,1,OK,pass,OK,1.11394335230684,0.477121254719662,0.301029995663981,2.89652621748956,Plate 3 B6,Plate 3 B6,peptide G4,6,0.8354911097007713
25,1,OK,pass,OK,2.96284268120124,2.25285303097989,1.57978359661681,2.70500795933334,Plate 3 B7,Plate 3 B7,peptide G4,6,2.261433642969475
25,1,OK,pass,OK,3.02325245963371,1.64345267648619,1.30102999566398,2.84695532501982,Plate 3 B8,Plate 3 B8,peptide G4,6,2.5270628147765652
25,1,OK,pass,OK,3.13417710757677,2.35218251811136,0,2.987219229908,Plate 3 B9,Plate 3 B9,peptide G4,6,2.363023473271083
25,1,OK,pass,OK,3.1102529173534,2.01703333929878,0,2.79934054945358,Plate 3 B10,Plate 3 B10,peptide G4,6,1.0085510363866486
25,1,OK,pass,OK,1.20411998265592,0.698970004336019,0,3.23401081758718,Plate 3 B11,Plate 3 B11,peptide G4,6,0.718936128584888
25,1,OK,pass,OK,0,0.301029995663981,1.38021124171161,3.17983892802319,Plate 3 B12,Plate 3 B12,peptide G4,6,1.2923657079174151
25,1,OK,pass,OK,0,0,2.01703333929878,3.66810623793273,Plate 3 C1,Plate 3 C1,peptide NP68,6,0.512856349846175
25,1,OK,pass,OK,1.20411998265592,0.477121254719662,0.602059991327962,3.30984300471607,Plate 3 C2,Plate 3 C2,peptide NP68,6,0.5503955150743886
25,1,OK,pass,OK,0,0.477121254719662,1.51851393987789,3.04453976039241,Plate 3 C3,Plate 3 C3,peptide NP68,6,0.7227788978717363
25,1,OK,pass,OK,0,0.602059991327962,0.602059991327962,3.53617953213723,Plate 3 C4,Plate 3 C4,peptide NP68,6,0.7942489942560055
25,1,OK,pass,OK,1.39794000867204,0.477121254719662,1.79934054945358,3.63898815934368,Plate 3 C5,Plate 3 C5,peptide NP68,6,1.089957307347123
25,1,OK,pass,OK,0.778151250383644,0.477121254719662,1.72427586960079,3.25090769970086,Plate 3 C6,Plate 3 C6,peptide NP68,6,0.41087863438180994
25,1,OK,pass,OK,0,1,1.47712125471966,3.42586014507784,Plate 3 C7,Plate 3 C7,peptide NP68,6,2.0524762975582163
25,1,OK,pass,OK,1.17609125905568,0.477121254719662,0,3.22762964957101,Plate 3 C8,Plate 3 C8,peptide NP68,6,1.2608522935897053
25,1,OK,pass,OK,0,0.602059991327962,0.301029995663981,3.46239799789896,Plate 3 C9,Plate 3 C9,peptide NP68,6,1.564787380365343
25,1,OK,pass,OK,0.301029995663981,0.698970004336019,0,3.45954325828041,Plate 3 C10,Plate 3 C10,peptide NP68,6,0.7056082139808544
25,1,OK,pass,OK,0.954242509439325,1.07918124604762,0.301029995663981,3.14643813528577,Plate 3 C11,Plate 3 C11,peptide NP68,6,0.9315513212867971
25,1,OK,pass,OK,1.32221929473392,0,0.477121254719662,3.28735377271475,Plate 3 C12,Plate 3 C12,peptide NP68,6,0.4947385045113517
25,1,OK,pass,OK,0,0.602059991327962,0.698970004336019,3.27623195792183,Plate 3 D1,Plate 3 D1,peptide NP68,6,0.43933407033336586
25,1,OK,pass,OK,2.25285303097989,1.11394335230684,2.02118929906994,2.32633586092875,Plate 3 D2,Plate 3 D2,peptide NP68,6,0.7807677297039053
25,1,OK,pass,OK,0.698970004336019,0,0.778151250383644,3.18836592606315,Plate 3 D3,Plate 3 D3,peptide NP68,6,1.0558279233170986
25,1,OK,pass,OK,1.8750612633917,1.57978359661681,1.11394335230684,3.06707085604537,Plate 3 D4,Plate 3 D4,peptide NP68,6,1.1268560110275283
25,1,OK,pass,OK,1.9731278535997,1.43136376415899,1.50514997831991,3.11826472608948,Plate 3 D5,Plate 3 D5,peptide NP68,6,1.7033210172732585
25,1,OK,pass,OK,0,0,0.698970004336019,3.37162192717602,Plate 3 D6,Plate 3 D6,peptide NP68,6,0.33357672967841534
25,1,OK,pass,OK,0.778151250383644,0.301029995663981,1,3.58512218630682,Plate 3 D7,Plate 3 D7,peptide NP68,6,0.9234102431614907
25,1,OK,pass,OK,0,0.602059991327962,0.778151250383644,3.17143390094301,Plate 3 D8,Plate 3 D8,peptide NP68,6,0.6650020497913065
25,1,OK,pass,OK,0,0.301029995663981,0.477121254719662,3.45347123372294,Plate 3 D9,Plate 3 D9,peptide NP68,6,1.2523954949830851
25,1,OK,pass,OK,0.845098040014257,0.602059991327962,0,3.10687054447865,Plate 3 D10,Plate 3 D10,peptide NP68,6,1.207175301473765
25,1,OK,pass,OK,0,0.778151250383644,1.04139268515823,3.64187054547631,Plate 3 D11,Plate 3 D11,peptide NP68,6,0.7137989053246531
25,1,OK,pass,OK,0,0.301029995663981,1.17609125905568,3.01494034979294,Plate 3 D12,Plate 3 D12,peptide NP68,6,0.973524104131175
25,1,OK,pass,OK,2.75966784468963,2.09691001300806,1.61278385671974,2.71516735784846,Plate 3 E1,Plate 3 E1,peptide N4,6,0.6760703078076511
25,1,OK,pass,OK,3.13097669160562,2.54654266347813,1.5440680443502799,2.60097289568675,Plate 3 E2,Plate 3 E2,peptide N4,6,1.4489360048935305
25,1,OK,pass,OK,3.00130093302042,2.49692964807321,1.2304489213782701,1.94448267215017,Plate 3 E3,Plate 3 E3,peptide N4,6,0.58217503666492
25,1,OK,pass,OK,3.4367985102318,2.51188336097887,2.04921802267018,1.98677173426624,Plate 3 E4,Plate 3 E4,peptide N4,6,1.5642732070100602
25,1,OK,pass,OK,3.36153897126928,2.32014628611105,0,2.2148438480477,Plate 3 E5,Plate 3 E5,peptide N4,6,2.5287045612793975
25,1,OK,pass,OK,2.88479536394898,2.30102999566398,2.34242268082221,2.02530586526477,Plate 3 E6,Plate 3 E6,peptide N4,6,0.6647269219433045
25,1,OK,pass,OK,3.29070224328785,2.42160392686983,0.301029995663981,2.72997428569956,Plate 3 E7,Plate 3 E7,peptide N4,6,2.6096237206401303
25,1,OK,pass,OK,3.26387267686522,1.5910646070265,0,2.33041377334919,Plate 3 E8,Plate 3 E8,peptide N4,6,0.9281144783330666
25,1,OK,pass,OK,3.15836249209525,2.30749603791321,1.57978359661681,2.9532763366673,Plate 3 E9,Plate 3 E9,peptide N4,6,3.4998111485822263
25,1,OK,pass,OK,3.36977228859696,2.39445168082622,0,1.67209785793572,Plate 3 E10,Plate 3 E10,peptide N4,6,1.1239784443549825
25,1,OK,pass,OK,3.41128291301738,2.30749603791321,1.9731278535997,2.17609125905568,Plate 3 E11,Plate 3 E11,peptide N4,6,2.4540050954005466
25,1,OK,pass,OK,3.11826472608948,1.92427928606188,1.14612803567824,2.44870631990508,Plate 3 E12,Plate 3 E12,peptide N4,6,0.38658619849100634
25,1,OK,pass,OK,3.36716948853468,2.58883172559421,2.41161970596323,2.23299611039215,Plate 3 F2,Plate 3 F2,peptide N4,6,1.5997917611578654
25,1,OK,pass,OK,3.17724783625562,2.60097289568675,2,1.91907809237607,Plate 3 F3,Plate 3 F3,peptide N4,6,1.3690271510730017
25,1,OK,pass,OK,3.37602918172818,2.35983548233989,1.53147891704226,2.22271647114758,Plate 3 F4,Plate 3 F4,peptide N4,6,1.0390225731260228
25,1,OK,pass,OK,3.31806333496276,2.46239799789896,1.69897000433602,2.17026171539496,Plate 3 F5,Plate 3 F5,peptide N4,6,2.448078570937027
25,1,OK,pass,OK,2.81224469680037,2.30102999566398,0,2.63648789635337,Plate 3 F6,Plate 3 F6,peptide N4,6,1.8311246681090942
25,1,OK,pass,OK,3.25671774597749,2.35218251811136,0,2.79934054945358,Plate 3 F7,Plate 3 F7,peptide N4,6,1.9140599282576456
25,1,OK,pass,OK,2.98181860717066,2.26245108973043,1.53147891704226,1.9731278535997,Plate 3 F8,Plate 3 F8,peptide N4,6,4.105692283101225
25,1,OK,pass,OK,3.18836592606315,2.3747483460101,1.86332286012046,2.58658730467176,Plate 3 F9,Plate 3 F9,peptide N4,6,4.86249231798082
25,1,OK,pass,OK,3.06520612805431,2.65513843481138,0.778151250383644,1.56820172406699,Plate 3 F10,Plate 3 F10,peptide N4,6,1.188768797413169
25,1,OK,pass,OK,3.18412335423967,2.30319605742049,1.79934054945358,1.61278385671974,Plate 3 F11,Plate 3 F11,peptide N4,6,2.2116400127736946
25,1,OK,pass,OK,3.32797162362301,2.55990662503611,2.53529412004277,2.03742649794062,Plate 3 F12,Plate 3 F12,peptide N4,6,0.7889088078292117
25,1,OK,pass,OK,0,0.602059991327962,1.07918124604762,3.38309692994909,Plate 3 G1,Plate 3 G1,peptide T4,6,0.4076086722539168
25,1,OK,pass,OK,2.78103693862113,2.24551266781415,1.77815125038364,3.56596581744667,Plate 3 G2,Plate 3 G2,peptide T4,6,0.6138147391851554
25,1,OK,pass,OK,2.13033376849501,0.845098040014257,3.02816441942447,1.96378782734556,Plate 3 G3,Plate 3 G3,peptide T4,6,1.2100663990240816
25,1,OK,pass,OK,2.78390357927274,1.2304489213782701,0,2.40654018043396,Plate 3 G4,Plate 3 G4,peptide T4,6,0.7956832672996883
25,1,OK,pass,OK,2.52633927738984,0.778151250383644,1.86923171973098,2.66931688056611,Plate 3 G6,Plate 3 G6,peptide T4,6,1.430678340488411
25,1,OK,pass,OK,2.68214507637383,0.602059991327962,1.25527250510331,3.23274206272074,Plate 3 G7,Plate 3 G7,peptide T4,6,1.6309443520783593
25,1,OK,pass,OK,3.03702787975578,2.46982201597816,2.3541084391474,2.02530586526477,Plate 3 G8,Plate 3 G8,peptide T4,6,1.6231054635565962
25,1,OK,pass,OK,2.99913054128737,2.36921585741014,2.54654266347813,2.7160033436348,Plate 3 G9,Plate 3 G9,peptide T4,6,7.7198122870894155
25,1,OK,pass,OK,3.20057692675485,2.05690485133647,1.77815125038364,2.73399928653839,Plate 3 G10,Plate 3 G10,peptide T4,6,2.718380405867562
25,1,OK,pass,OK,3.09691001300806,2.30749603791321,0,2.88705437805096,Plate 3 G11,Plate 3 G11,peptide T4,6,4.219365187251971
25,1,OK,pass,OK,2.85308952985187,1.78532983501077,0,2.5705429398819,Plate 3 H1,Plate 3 H1,peptide T4,6,1.3793737622749147
25,1,OK,pass,OK,3.08134730780413,2.26717172840301,1.27875360095283,2.50105926221775,Plate 3 H2,Plate 3 H2,peptide T4,6,0.8732422586807241
25,1,OK,pass,OK,2.94398887507377,1.04139268515823,1.44715803134222,2.88986172125819,Plate 3 H3,Plate 3 H3,peptide T4,6,1.1378070014365278
25,1,OK,pass,OK,2.84695532501982,0.845098040014257,1.65321251377534,3.13097669160562,Plate 3 H4,Plate 3 H4,peptide T4,6,0.8307101995551619
25,1,OK,pass,OK,2.91907809237607,2.02530586526477,1.61278385671974,2.07918124604762,Plate 3 H5,Plate 3 H5,peptide T4,6,1.3806231133223994
25,1,OK,pass,OK,3.16731733474818,2.46089784275655,2.17897694729317,3.01283722470517,Plate 3 H6,Plate 3 H6,peptide T4,6,1.008880287745733
25,1,OK,pass,OK,3.1034616220947,1.51851393987789,0,2.12057393120585,Plate 3 H8,Plate 3 H8,peptide T4,6,1.946092026233228
25,1,OK,pass,OK,2.69722934275972,1.6232492903979,0,3.38578495884334,Plate 3 H9,Plate 3 H9,peptide T4,6,1.9270405503322339
25,1,OK,pass,OK,2.84073323461181,2.03342375548695,0,3.13097669160562,Plate 3 H10,Plate 3 H10,peptide T4,6,1.699288815697622
25,1,OK,pass,OK,3.13097669160562,2.63144376901317,1.46239799789896,2.3747483460101,Plate 3 H11,Plate 3 H11,peptide T4,6,3.8100426038137796
25,1,OK,pass,OK,2.98632377705077,2.10720996964787,0,2.8733206018154,Plate 4 A1,Plate 4 A1,peptide T4,6,0.7968965360064514
25,1,OK,pass,OK,2.14921911265538,1.73239375982297,1.11394335230684,3.29292029960001,Plate 4 A2,Plate 4 A2,peptide T4,6,0.4042620351519903
25,1,OK,pass,OK,3.04375512696868,2.31386722036915,0,2.43136376415899,Plate 4 A3,Plate 4 A3,peptide T4,6,1.5241857264683851
25,1,OK,pass,OK,2.80617997398389,2.30749603791321,1.60205999132796,2.77232170672292,Plate 4 A4,Plate 4 A4,peptide T4,6,0.8960643391871234
25,1,OK,pass,OK,3.23019337886905,2.43933269383026,2.27646180417324,2.06445798922692,Plate 4 A5,Plate 4 A5,peptide T4,6,0.9656581538538705
25,1,OK,pass,OK,3.34458874257871,2.26951294421792,1.70757017609794,2.51454775266029,Plate 4 A6,Plate 4 A6,peptide T4,6,0.8840895123601491
25,1,OK,pass,OK,2.84695532501982,2.16136800223497,1.89209460269048,2.86923171973098,Plate 4 A7,Plate 4 A7,peptide T4,6,1.835350812266109
25,1,OK,pass,OK,3.17580163284828,2.59439255037543,2.11058971029925,2.3384564936046,Plate 4 A8,Plate 4 A8,peptide T4,6,3.742275457646062
25,1,OK,pass,OK,3.15259407792747,2.31597034545692,1.82607480270083,1.86332286012046,Plate 4 A9,Plate 4 A9,peptide T4,6,2.3826116739903105
25,1,OK,pass,OK,3.24477176149529,2.38916608436453,2.38738982633873,1.63346845557959,Plate 4 A10,Plate 4 A10,peptide T4,6,4.413894106667189
25,1,OK,pass,OK,3.16849748352303,2.3096301674259,0,2.9304395947667,Plate 4 A11,Plate 4 A11,peptide T4,6,2.2576089148529874
25,1,OK,pass,OK,3.00646604224923,2.26481782300954,1.90848501887865,2.8394780473742,Plate 4 A12,Plate 4 A12,peptide T4,6,7.4098559597058635
25,1,OK,pass,OK,3.09166695759568,1.73239375982297,0,2.35602585719312,Plate 4 B1,Plate 4 B1,peptide T4,6,0.351771249987272
25,1,OK,pass,OK,2.72509452108147,1.17609125905568,0,3.18127177155946,Plate 4 B2,Plate 4 B2,peptide T4,6,0.37158496533600954
25,1,OK,pass,OK,2.8234742291703,1.66275783168157,1,3.02325245963371,Plate 4 B3,Plate 4 B3,peptide T4,6,0.657704396380367
25,1,OK,pass,OK,3.14798532068381,2.44715803134222,0,2.75587485567249,Plate 4 B4,Plate 4 B4,peptide T4,6,12.42529680971287
25,1,OK,pass,OK,2.97081161087252,0.903089986991944,1.39794000867204,2.56702636615906,Plate 4 B5,Plate 4 B5,peptide T4,6,0.6175402408646585
25,1,OK,pass,OK,2.39967372148104,1.90308998699194,1.53147891704226,2.45788189673399,Plate 4 B6,Plate 4 B6,peptide T4,6,0.28663360439964
25,1,OK,pass,OK,2.60097289568675,2.10380372095596,1.75587485567249,2.83632411570675,Plate 4 B7,Plate 4 B7,peptide T4,6,1.4357388887746125
25,1,OK,pass,OK,3.22762964957101,2.51982799377572,1.34242268082221,1.41497334797082,Plate 4 B8,Plate 4 B8,peptide T4,6,1.002029153301223
25,1,OK,pass,OK,2.8733206018154,2.13033376849501,0.778151250383644,2.76863810124761,Plate 4 B9,Plate 4 B9,peptide T4,6,1.5779168420954077
25,1,OK,pass,OK,0,0.903089986991944,0,3.57840997033124,Plate 4 B10,Plate 4 B10,peptide T4,6,3.5714842081330542
25,1,OK,pass,OK,0,0.602059991327962,0.778151250383644,2.88592633980143,Plate 4 B11,Plate 4 B11,peptide T4,6,1.2058131931115255
25,1,OK,pass,OK,2.23044892137827,1.6232492903979,1.69019608002851,2.66275783168157,Plate 4 B12,Plate 4 B12,peptide T4,6,4.483284958167377
25,1,OK,pass,OK,3.02118929906994,1.69897000433602,1.84509804001426,2.71933128698373,Plate 4 C1,Plate 4 C1,peptide G4,6,0.7284167636094832
25,1,OK,pass,OK,2.26481782300954,0,1.25527250510331,3.35698140099313,Plate 4 C2,Plate 4 C2,peptide G4,6,0.9718958885061136
25,1,OK,pass,OK,2.04532297878666,0.954242509439325,1.41497334797082,3.36153897126928,Plate 4 C3,Plate 4 C3,peptide G4,6,1.0643704174829325
25,1,OK,pass,OK,1.66275783168157,0.698970004336019,0.477121254719662,3.36436335461573,Plate 4 C4,Plate 4 C4,peptide G4,6,1.0556745733690318
25,1,OK,pass,OK,0.954242509439325,0.778151250383644,0,3.29380435991934,Plate 4 C5,Plate 4 C5,peptide G4,6,1.001023358053609
25,1,OK,pass,OK,1.49136169383427,0.698970004336019,1.25527250510331,2.97863694838447,Plate 4 C6,Plate 4 C6,peptide G4,6,0.8669549108099889
25,1,OK,pass,OK,1.60205999132796,0.477121254719662,1.17609125905568,3.44294986957786,Plate 4 C7,Plate 4 C7,peptide G4,6,1.3949974158073586
25,1,OK,pass,OK,2.02530586526477,1.44715803134222,1.36172783601759,3.00560944536028,Plate 4 C8,Plate 4 C8,peptide G4,6,2.047397708101654
25,1,OK,pass,OK,2.60205999132796,2.17318626841227,1.27875360095283,3.14952701375435,Plate 4 C9,Plate 4 C9,peptide G4,6,3.475645000883948
25,1,OK,pass,OK,0,0,0.477121254719662,3.15106325335375,Plate 4 C10,Plate 4 C10,peptide G4,6,2.6530533279911417
25,1,OK,pass,OK,2.2148438480477,1.79934054945358,0.477121254719662,3.03702787975578,Plate 4 C11,Plate 4 C11,peptide G4,6,3.497362059705749
25,1,OK,pass,OK,2.90741136077459,1.83884909073726,0.602059991327962,2.80277372529198,Plate 4 C12,Plate 4 C12,peptide G4,6,6.907237974039438
25,1,OK,pass,OK,2.3384564936046,1.66275783168157,0,3.15836249209525,Plate 4 D1,Plate 4 D1,peptide G4,6,0.37840903802497833
25,1,OK,pass,OK,3.27966694404846,2.0899051114394,0,2.31175386105575,Plate 4 D2,Plate 4 D2,peptide G4,6,1.4464012204578396
25,1,OK,pass,OK,0,0.845098040014257,0.602059991327962,3.01786771896351,Plate 4 D3,Plate 4 D3,peptide G4,6,0.7837355022282552
25,1,OK,pass,OK,3.12483014941386,2.02530586526477,1.7481880270062,2.60097289568675,Plate 4 D4,Plate 4 D4,peptide G4,6,0.9668353402199121
25,1,OK,pass,OK,1.95424250943932,0.602059991327962,0.778151250383644,3.1978316933289,Plate 4 D5,Plate 4 D5,peptide G4,6,0.4718126872753779
25,1,OK,pass,OK,2.73399928653839,0.778151250383644,1.43136376415899,2.8819549713396,Plate 4 D6,Plate 4 D6,peptide G4,6,0.8980172958786788
25,1,OK,pass,OK,2.14301480025409,0.477121254719662,0.602059991327962,3.35888620440587,Plate 4 D7,Plate 4 D7,peptide G4,6,0.6856907619025423
25,1,OK,pass,OK,2.04532297878666,1.25527250510331,1.11394335230684,3.09516935143176,Plate 4 D8,Plate 4 D8,peptide G4,6,1.2765661529739534
25,1,OK,pass,OK,3.27737997466725,1.95904139232109,1.43136376415899,2.47712125471966,Plate 4 D9,Plate 4 D9,peptide G4,6,2.5806270495777506
25,1,OK,pass,OK,1.41497334797082,0.954242509439325,1.36172783601759,3.43216726944259,Plate 4 D10,Plate 4 D10,peptide G4,6,2.550872649360218
25,1,OK,pass,OK,1.67209785793572,0.778151250383644,1.32221929473392,3.16435285578444,Plate 4 D11,Plate 4 D11,peptide G4,6,2.4425715036843956
25,1,OK,pass,OK,2.05307844348342,0.602059991327962,0,3.22010808804005,Plate 4 D12,Plate 4 D12,peptide G4,6,5.081110710120282
25,1,OK,pass,OK,0.301029995663981,0.477121254719662,1.11394335230684,3.55545721720465,Plate 4 E1,Plate 4 E1,peptide NP68,6,0.43417880590277014
25,1,OK,pass,OK,1.51851393987789,0.698970004336019,1.50514997831991,3.56937390961505,Plate 4 E2,Plate 4 E2,peptide NP68,6,0.3269330686930545
25,1,OK,pass,OK,1.69897000433602,0.602059991327962,1.34242268082221,3.51851393987789,Plate 4 E3,Plate 4 E3,peptide NP68,6,0.72172348940563
25,1,OK,pass,OK,0,0.301029995663981,0.301029995663981,3.5705429398819,Plate 4 E4,Plate 4 E4,peptide NP68,6,0.45365424930724285
25,1,OK,pass,OK,0,0.778151250383644,0,3.34556975605639,Plate 4 E5,Plate 4 E5,peptide NP68,6,1.4555390732455795
25,1,OK,pass,OK,1.14612803567824,0,0.301029995663981,3.46523409498801,Plate 4 E6,Plate 4 E6,peptide NP68,6,0.9453212445646701
25,1,OK,pass,OK,1.14612803567824,0.477121254719662,1.65321251377534,3.39794000867204,Plate 4 E7,Plate 4 E7,peptide NP68,6,0.8167508439885007
25,1,OK,pass,OK,1.68124123737559,0.602059991327962,0.477121254719662,3.07151380509509,Plate 4 E8,Plate 4 E8,peptide NP68,6,1.2645056305877653
25,1,OK,pass,OK,2.23044892137827,1.14612803567824,1.30102999566398,3.6457169393696,Plate 4 E9,Plate 4 E9,peptide NP68,6,3.143764141219447
25,1,OK,pass,OK,0.602059991327962,0.477121254719662,1.20411998265592,3.33984878303764,Plate 4 E10,Plate 4 E10,peptide NP68,6,1.6640859820311305
25,1,OK,pass,OK,0.954242509439325,0.477121254719662,0.778151250383644,3.19645254170339,Plate 4 E11,Plate 4 E11,peptide NP68,6,3.106220465698643
25,1,OK,pass,OK,1.04139268515823,0.301029995663981,1.30102999566398,3.67440181284528,Plate 4 F1,Plate 4 F1,peptide NP68,6,0.2842927625453275
25,1,OK,pass,OK,0,0.477121254719662,1.5910646070265,3.45954325828041,Plate 4 F2,Plate 4 F2,peptide NP68,6,0.6067020077704138
25,1,OK,pass,OK,0.698970004336019,0.698970004336019,0,3.43360984332372,Plate 4 F3,Plate 4 F3,peptide NP68,6,0.4775723309130601
25,1,OK,pass,OK,2.28330122870355,0.602059991327962,0.477121254719662,3.25671774597749,Plate 4 F4,Plate 4 F4,peptide NP68,6,0.4821006646736184
25,1,OK,pass,OK,0.954242509439325,0.602059991327962,1.04139268515823,3.5081255360832,Plate 4 F5,Plate 4 F5,peptide NP68,6,1.4788978785702123
25,1,OK,pass,OK,0,0,1.07918124604762,3.01786771896351,Plate 4 F6,Plate 4 F6,peptide NP68,6,0.47245314882318595
25,1,OK,pass,OK,0.477121254719662,0.477121254719662,1.2304489213782701,3.55071742346928,Plate 4 F7,Plate 4 F7,peptide NP68,6,1.1394171758912284
25,1,OK,pass,OK,2.12385164096709,1.04139268515823,2.66838591669,1.30102999566398,Plate 4 F8,Plate 4 F8,peptide NP68,6,2.8958694398770133
25,1,OK,pass,OK,0,0.477121254719662,1.43136376415899,3.39357520326959,Plate 4 F9,Plate 4 F9,peptide NP68,6,1.939213830033177
25,1,OK,pass,OK,1.30102999566398,1.41497334797082,1.85125834871908,3.37694175714676,Plate 4 F10,Plate 4 F10,peptide NP68,6,3.806781662271067
25,1,OK,pass,OK,1.55630250076729,0.698970004336019,1.73239375982297,3.579554960401,Plate 4 F11,Plate 4 F11,peptide NP68,6,1.528244989799563
25,1,OK,pass,OK,0,1.50514997831991,1,3.29070224328785,Plate 4 F12,Plate 4 F12,peptide NP68,6,1.0006084111353108
25,1,OK,pass,OK,3.30663944102426,2.47275644931721,0.477121254719662,2.22530928172586,Plate 4 G1,Plate 4 G1,peptide N4,6,1.6269121505027229
25,1,OK,pass,OK,3.34084054981233,2.39445168082622,1.60205999132796,2.70329137811866,Plate 4 G2,Plate 4 G2,peptide N4,6,0.4367902653124945
25,1,OK,pass,OK,3.28735377271475,2.66558099101795,2.48429983934679,1.9731278535997,Plate 4 G3,Plate 4 G3,peptide N4,6,1.4689301319458758
25,1,OK,pass,OK,3.37602918172818,2.57634135020579,2.12385164096709,2.60422605308447,Plate 4 G4,Plate 4 G4,peptide N4,6,1.2729398777314347
25,1,OK,pass,OK,3.123198075032,2.56229286445647,2.00432137378264,1.83884909073726,Plate 4 G5,Plate 4 G5,peptide N4,6,1.3980689250612832
25,1,OK,pass,OK,3.34084054981233,2.37839790094814,1.38021124171161,1.73239375982297,Plate 4 G6,Plate 4 G6,peptide N4,6,0.9954170643639935
25,1,OK,pass,OK,3.25333800532611,2.4996870826184,1.20411998265592,1.7481880270062,Plate 4 G7,Plate 4 G7,peptide N4,6,1.0044827524702906
25,1,OK,pass,OK,3.4667193716816,2.63144376901317,1.80617997398389,1.49136169383427,Plate 4 G8,Plate 4 G8,peptide N4,6,1.4007705903228114
25,1,OK,pass,OK,3.02897770520878,1.14612803567824,1.56820172406699,2.72509452108147,Plate 4 G9,Plate 4 G9,peptide N4,6,2.2730341155114626
25,1,OK,pass,OK,3.23401081758718,2.48572142648158,1.76342799356294,1.41497334797082,Plate 4 G10,Plate 4 G10,peptide N4,6,7.479364078813397
25,1,OK,pass,OK,3.29710365014926,2.62940959910272,2.10037054511756,2.71683772329952,Plate 4 G11,Plate 4 G11,peptide N4,6,2.7377881948831817
25,1,OK,pass,OK,3.16731733474818,2.38560627359831,1.53147891704226,2.32837960343874,Plate 4 H1,Plate 4 H1,peptide N4,6,1.6279089251651566
25,1,OK,pass,OK,3.1215598441875,2.26717172840301,0,1.9731278535997,Plate 4 H2,Plate 4 H2,peptide N4,6,0.584754924026513
25,1,OK,pass,OK,3.03302144468291,2.13672056715641,1.83250891270624,2.06445798922692,Plate 4 H3,Plate 4 H3,peptide N4,6,0.8846217268857924
25,1,OK,pass,OK,2.68304703823885,2.12385164096709,1.34242268082221,2.3541084391474,Plate 4 H4,Plate 4 H4,peptide N4,6,0.9339372660670116
25,1,OK,pass,OK,3.29600666931367,2.38201704257487,2.03342375548695,1.86923171973098,Plate 4 H5,Plate 4 H5,peptide N4,6,2.757105778046997
25,1,OK,pass,OK,2.81224469680037,2.38381536598043,2.26007138798507,2.4996870826184,Plate 4 H6,Plate 4 H6,peptide N4,6,1.7245690056656788
25,1,OK,pass,OK,3.31806333496276,2.49415459401844,2.72672720902657,1.8750612633917,Plate 4 H7,Plate 4 H7,peptide N4,6,1.7874605255433924
25,1,OK,pass,OK,3.19228861256812,2.1846914308176,1.04139268515823,2.59217675739587,Plate 4 H8,Plate 4 H8,peptide N4,6,1.8761328778666748
25,1,OK,pass,OK,3.36153897126928,2.43933269383026,1.67209785793572,2.21218760440396,Plate 4 H9,Plate 4 H9,peptide N4,6,4.602334131085639
25,1,OK,pass,OK,2.71516735784846,2.6414741105041,2.71933128698373,2.23552844690755,Plate 4 H10,Plate 4 H10,peptide N4,6,6.112113983020934
25,1,OK,pass,OK,3.21245396104028,2.76715586608218,2.56110138364906,2.02118929906994,Plate 4 H11,Plate 4 H11,peptide N4,6,2.4680411259412414
11.5,2,OK,pass,OK,2.69108149212297,2.50650503240487,1.94939000664491,1.25527250510331,Plate 1 A1,Plate 1 A1,peptide N4,6,0.8321670240617957
11.5,2,OK,pass,OK,2.85003325768977,2.50105926221775,1.50514997831991,1.83884909073726,Plate 1 A2,Plate 1 A2,peptide N4,6,0.6989916147510347
11.5,2,OK,pass,OK,2.68841982200271,2.64246452024212,1.04139268515823,1.30102999566398,Plate 1 A3,Plate 1 A3,peptide N4,6,0.5020947917259638
11.5,2,OK,pass,OK,2.931457870689,2.6170003411209,1.43136376415899,1.67209785793572,Plate 1 A4,Plate 1 A4,peptide N4,6,0.5269149318498205
11.5,2,OK,pass,OK,2.97405090279288,2.59988307207369,1.6232492903979,2.06069784035361,Plate 1 A5,Plate 1 A5,peptide N4,6,1.695089733296148
11.5,2,OK,pass,OK,2.79726754083072,1.85733249643127,1.50514997831991,2.43933269383026,Plate 1 A6,Plate 1 A6,peptide N4,6,0.8388106850471566
11.5,2,OK,pass,OK,2.81224469680037,2.10720996964787,2.37291200297011,1.2304489213782701,Plate 1 A7,Plate 1 A7,peptide N4,6,0.34681894872323515
11.5,2,OK,pass,OK,2.85913829729453,2.40823996531185,1.85733249643127,2.46239799789896,Plate 1 A8,Plate 1 A8,peptide N4,6,0.8287166502302946
11.5,2,OK,pass,OK,2.99738638439731,2.43136376415899,1.7160033436348,1.73239375982297,Plate 1 A9,Plate 1 A9,peptide N4,6,0.5807046812805157
11.5,2,OK,pass,OK,2.72098574415374,2.24551266781415,0.778151250383644,1.17609125905568,Plate 1 A10,Plate 1 A10,peptide N4,6,0.33792014144277555
11.5,2,OK,pass,OK,2.88479536394898,2.19312459835446,1.9731278535997,2.19033169817029,Plate 1 A11,Plate 1 A11,peptide N4,6,0.3199646666411994
11.5,2,OK,pass,OK,2.49415459401844,1.20411998265592,0,2.25527250510331,Plate 1 A12,Plate 1 A12,peptide N4,6,0.3563762587218636
11.5,2,OK,pass,OK,2.14612803567824,1.2304489213782701,0.301029995663981,2.98317507203781,Plate 1 B1,Plate 1 B1,peptide T4,6,0.47686421497639914
11.5,2,OK,pass,OK,2.35983548233989,1.47712125471966,1.53147891704226,1.7160033436348,Plate 1 B2,Plate 1 B2,peptide T4,6,0.5160225752444937
11.5,2,OK,pass,OK,2.50105926221775,2.20951501454263,0.698970004336019,2.60422605308447,Plate 1 B3,Plate 1 B3,peptide T4,6,1.6541813795030569
11.5,2,OK,pass,OK,3.02325245963371,2.18184358794477,2.03342375548695,1.55630250076729,Plate 1 B4,Plate 1 B4,peptide T4,6,0.7424167118094561
11.5,2,OK,pass,OK,2.60530504614111,2.23552844690755,1.64345267648619,2.72181061521255,Plate 1 B5,Plate 1 B5,peptide T4,6,0.43974901725166404
11.5,2,OK,pass,OK,2.54282542695918,2.16731733474818,1.79239168949825,1.78532983501077,Plate 1 B6,Plate 1 B6,peptide T4,6,0.3938748313167655
11.5,2,OK,pass,OK,2.99299509843134,1.85125834871908,1.56820172406699,2.80888586735981,Plate 1 B7,Plate 1 B7,peptide T4,6,0.40457775563330406
11.5,2,OK,pass,OK,1.17609125905568,1.44715803134222,0.477121254719662,3.34947179921439,Plate 1 B8,Plate 1 B8,peptide T4,6,0.5143718081564813
11.5,2,OK,pass,OK,0,1.2304489213782701,1.36172783601759,3.33885474625232,Plate 1 B9,Plate 1 B9,peptide T4,6,0.45601313233191615
11.5,2,OK,pass,OK,2.76789761601809,2.12057393120585,1.81291335664286,2.70586371228392,Plate 1 B10,Plate 1 B10,peptide T4,6,0.4430460411350984
11.5,2,OK,pass,OK,2.48855071650044,1.86332286012046,1.50514997831991,2.56229286445647,Plate 1 B11,Plate 1 B11,peptide T4,6,0.5891163769612339
11.5,2,OK,pass,OK,3.07881918309885,2.41329976408125,0.477121254719662,2.13672056715641,Plate 1 B12,Plate 1 B12,peptide T4,6,0.7866446409489325
11.5,2,OK,pass,OK,0.477121254719662,0.903089986991944,1.34242268082221,3.18977095634687,Plate 1 C1,Plate 1 C1,peptide G4,6,0.28816259358771695
11.5,2,OK,pass,OK,2.25767857486918,1.64345267648619,0.845098040014257,2.94890176097021,Plate 1 C2,Plate 1 C2,peptide G4,6,0.5838438449232931
11.5,2,OK,pass,OK,0,1.17609125905568,1,3.25454807710897,Plate 1 C3,Plate 1 C3,peptide G4,6,0.5718284254630069
11.5,2,OK,pass,OK,1.93951925261862,1.04139268515823,0.698970004336019,3.14488541828714,Plate 1 C4,Plate 1 C4,peptide G4,6,0.2736980852509536
11.5,2,OK,pass,OK,1.30102999566398,1.04139268515823,3.01786771896351,3.05690485133647,Plate 1 C5,Plate 1 C5,peptide G4,6,0.5252145515433161
11.5,2,OK,pass,OK,2.19312459835446,1.82607480270083,1.25527250510331,2.8208579894397,Plate 1 C6,Plate 1 C6,peptide G4,6,0.5496919094303178
11.5,2,OK,pass,OK,2.2718416065365,1.04139268515823,1,2.51982799377572,Plate 1 C7,Plate 1 C7,peptide G4,6,0.21719764997354982
11.5,2,OK,pass,OK,1.86923171973098,1.83884909073726,1.14612803567824,3.11826472608948,Plate 1 C8,Plate 1 C8,peptide G4,6,0.3809528430458497
11.5,2,OK,pass,OK,0,1.11394335230684,0,3.11660774398825,Plate 1 C9,Plate 1 C9,peptide G4,6,0.2934035535775264
11.5,2,OK,pass,OK,2.69108149212297,2.19312459835446,0.477121254719662,2.64443858946784,Plate 1 C10,Plate 1 C10,peptide G4,6,0.36447223392126815
11.5,2,OK,pass,OK,2.56110138364906,2.03742649794062,1,2.74896286125616,Plate 1 C11,Plate 1 C11,peptide G4,6,0.48568183699023515
11.5,2,OK,pass,OK,1.25527250510331,1.04139268515823,0.477121254719662,3.26030994579492,Plate 1 C12,Plate 1 C12,peptide G4,6,0.2824751146314779
11.5,2,OK,pass,OK,0,0.954242509439325,0.477121254719662,3.25454807710897,Plate 1 D1,Plate 1 D1,peptide NP68,6,0.3738310910459279
11.5,2,OK,pass,OK,0.778151250383644,1.04139268515823,0,3.3055663135153,Plate 1 D2,Plate 1 D2,peptide NP68,6,0.44527863596724615
11.5,2,OK,pass,OK,2.55630250076729,1.85733249643127,0,2.64443858946784,Plate 1 D3,Plate 1 D3,peptide NP68,6,1.141009309175568
11.5,2,OK,pass,OK,0.903089986991944,1.07918124604762,0.301029995663981,3.15533603746506,Plate 1 D4,Plate 1 D4,peptide NP68,6,0.3158332386285785
11.5,2,OK,pass,OK,1.86332286012046,1.41497334797082,0,2.99299509843134,Plate 1 D5,Plate 1 D5,peptide NP68,6,0.26175483047211073
11.5,2,OK,pass,OK,0,1.30102999566398,1.69019608002851,3.2043913319193,Plate 1 D6,Plate 1 D6,peptide NP68,6,0.239424371858043
11.5,2,OK,pass,OK,1.25527250510331,1.07918124604762,1.38021124171161,3.01199311465926,Plate 1 D7,Plate 1 D7,peptide NP68,6,0.19169194537598308
11.5,2,OK,pass,OK,0.602059991327962,1.14612803567824,0.903089986991944,3.3003780648707,Plate 1 D8,Plate 1 D8,peptide NP68,6,0.3820398235600873
11.5,2,OK,pass,OK,0.477121254719662,1.17609125905568,0.778151250383644,3.33405144034689,Plate 1 D9,Plate 1 D9,peptide NP68,6,0.3473150809081569
11.5,2,OK,pass,OK,0,1.11394335230684,1.44715803134222,3.38309692994909,Plate 1 D10,Plate 1 D10,peptide NP68,6,0.1907447839320416
11.5,2,OK,pass,OK,0,0.698970004336019,0.602059991327962,3.03582982525283,Plate 1 D11,Plate 1 D11,peptide NP68,6,0.36975378654438934
11.5,2,OK,pass,OK,1.2304489213782701,0.602059991327962,0,2.87737134586977,Plate 1 D12,Plate 1 D12,peptide NP68,6,0.20154693468556456
11.5,2,OK,pass,OK,2.34044411484012,1.27875360095283,1,2.37839790094814,Plate 1 E1,Plate 1 E1,peptide N4,3,1.1399313492465108
11.5,2,OK,pass,OK,2.81424759573192,1.98677173426624,0,2.22271647114758,Plate 1 E2,Plate 1 E2,peptide N4,3,0.9002273392478757
11.5,2,OK,pass,OK,2.2148438480477,1.46239799789896,1.86332286012046,2.01283722470517,Plate 1 E3,Plate 1 E3,peptide N4,3,0.9425068219883868
11.5,2,OK,pass,OK,2.25767857486918,1.77085201164214,1.32221929473392,2.03342375548695,Plate 1 E5,Plate 1 E5,peptide N4,3,0.581079035565502
11.5,2,OK,pass,OK,2.58771096501891,1.92427928606188,1.74036268949424,1.70757017609794,Plate 1 E6,Plate 1 E6,peptide N4,3,0.4181131436964867
11.5,2,OK,pass,OK,2.55630250076729,1.96378782734556,1.65321251377534,1.51851393987789,Plate 1 E7,Plate 1 E7,peptide N4,3,0.49274044489389424
11.5,2,OK,pass,OK,2.34635297445064,1.5440680443502799,1.51851393987789,2.22010808804005,Plate 1 E8,Plate 1 E8,peptide N4,3,0.46574634374156226
11.5,2,OK,pass,OK,2.43616264704076,1.20411998265592,0,1.17609125905568,Plate 1 E9,Plate 1 E9,peptide N4,3,0.7645081249162433
11.5,2,OK,pass,OK,1.60205999132796,1.25527250510331,1.14612803567824,2.64933485871214,Plate 1 E10,Plate 1 E10,peptide N4,3,0.28434237576381965
11.5,2,OK,pass,OK,2.54900326202579,1.25527250510331,0,1.8750612633917,Plate 1 E11,Plate 1 E11,peptide N4,3,0.42864467689459784
11.5,2,OK,pass,OK,1.32221929473392,0.602059991327962,1.2304489213782701,2.2148438480477,Plate 1 E12,Plate 1 E12,peptide N4,3,0.21161841803947554
11.5,2,OK,pass,OK,0.477121254719662,0.698970004336019,1.27875360095283,2.77232170672292,Plate 1 F1,Plate 1 F1,NA,NA,0.3717292946988959
11.5,2,OK,pass,OK,1.04139268515823,1.07918124604762,0.301029995663981,2.987219229908,Plate 1 F2,Plate 1 F2,NA,NA,0.4493378992984239
11.5,2,OK,pass,OK,0.477121254719662,1.07918124604762,0.301029995663981,2.81424759573192,Plate 1 F3,Plate 1 F3,NA,NA,0.33287763432693473
11.5,2,OK,pass,OK,0,1.04139268515823,1.43136376415899,2.5092025223311,Plate 1 F4,Plate 1 F4,NA,NA,0.2960736467909233
11.5,2,OK,pass,OK,1,0.845098040014257,0.301029995663981,2.91115760873998,Plate 1 F5,Plate 1 F5,NA,NA,0.3490515435553829
11.5,2,OK,pass,OK,0.845098040014257,0.903089986991944,1.14612803567824,2.49415459401844,Plate 1 F6,Plate 1 F6,NA,NA,0.2628824036196601
11.5,2,OK,pass,OK,1.14612803567824,1.14612803567824,1.04139268515823,3.10856502373283,Plate 1 F7,Plate 1 F7,NA,NA,0.31323079980403457
11.5,2,OK,pass,OK,0.477121254719662,0.602059991327962,1.04139268515823,2.85308952985187,Plate 1 F8,Plate 1 F8,NA,NA,0.26796550336881264
11.5,2,OK,pass,OK,1.14612803567824,0.903089986991944,0,2.79726754083072,Plate 1 F10,Plate 1 F10,NA,NA,0.22942054289298497
11.5,2,OK,pass,OK,1.14612803567824,0.778151250383644,0.698970004336019,2.38916608436453,Plate 1 F11,Plate 1 F11,NA,NA,0.21913707578733474
11.5,2,OK,pass,OK,0.602059991327962,1.20411998265592,1.36172783601759,3.2496874278053,Plate 1 F12,Plate 1 F12,NA,NA,0.22033230332373707
11.5,2,OK,pass,OK,0.778151250383644,0.778151250383644,1.77085201164214,1.63346845557959,Plate 1 G1,Plate 1 G1,peptide N4,1,1.1832887919160793
11.5,2,OK,pass,OK,0.903089986991944,0.301029995663981,1.30102999566398,1.5910646070265,Plate 1 G2,Plate 1 G2,peptide N4,1,0.6123714455562922
11.5,2,OK,pass,OK,0,0.602059991327962,0.698970004336019,2.66181268553726,Plate 1 G3,Plate 1 G3,peptide N4,1,0.6930019461912524
11.5,2,OK,pass,OK,0.602059991327962,1,0.602059991327962,3.23401081758718,Plate 1 G5,Plate 1 G5,peptide N4,1,0.425086056040932
11.5,2,OK,pass,OK,1.20411998265592,0.477121254719662,1.36172783601759,1.70757017609794,Plate 1 G6,Plate 1 G6,peptide N4,1,0.28873089045408185
11.5,2,OK,pass,OK,0.698970004336019,0.698970004336019,1.04139268515823,1.5440680443502799,Plate 1 G8,Plate 1 G8,peptide N4,1,0.4240847710859082
11.5,2,OK,pass,OK,1.39794000867204,1,0.301029995663981,1.55630250076729,Plate 1 G10,Plate 1 G10,peptide N4,1,0.2758449845238876
11.5,2,OK,pass,OK,2,0.954242509439325,0.698970004336019,2.25767857486918,Plate 1 G11,Plate 1 G11,peptide N4,1,0.297300446375457
11.5,2,OK,pass,OK,1.75587485567249,0.477121254719662,0,2.06069784035361,Plate 1 H2,Plate 1 H2,peptide N4,1,0.7011655757795099
11.5,2,OK,pass,OK,1.25527250510331,0.477121254719662,1.72427586960079,1.5440680443502799,Plate 1 H3,Plate 1 H3,peptide N4,1,0.9629429577145716
11.5,2,OK,pass,OK,1.07918124604762,0.698970004336019,0.698970004336019,2.59217675739587,Plate 1 H4,Plate 1 H4,peptide N4,1,0.30260455046152923
11.5,2,OK,pass,OK,1.41497334797082,0.698970004336019,1,1.85733249643127,Plate 1 H5,Plate 1 H5,peptide N4,1,0.35296196723108414
11.5,2,OK,pass,OK,0.845098040014257,1.14612803567824,0,3.16286299332193,Plate 1 H8,Plate 1 H8,peptide N4,1,0.5872716672918431
11.5,2,OK,pass,OK,1,0.477121254719662,1.07918124604762,1.81291335664286,Plate 1 H10,Plate 1 H10,peptide N4,1,0.168211362151415
11.5,2,OK,pass,OK,2.6222140229663,2,1.17609125905568,2.13033376849501,Plate 2 A1,Plate 2 A1,peptide N4,3,0.6918969245066541
11.5,2,OK,pass,OK,2.04532297878666,0,0,2.64640372622307,Plate 2 A2,Plate 2 A2,peptide N4,3,0.4659312657377604
11.5,2,OK,pass,OK,1.41497334797082,1,1.07918124604762,3.01410032151962,Plate 2 A3,Plate 2 A3,peptide N4,3,0.28477085355988846
11.5,2,OK,pass,OK,2.81224469680037,1.6232492903979,0,1.84509804001426,Plate 2 A4,Plate 2 A4,peptide N4,3,0.7520642276598885
11.5,2,OK,pass,OK,2.47856649559384,0.954242509439325,1.14612803567824,0.778151250383644,Plate 2 A5,Plate 2 A5,peptide N4,3,0.6415665694926405
11.5,2,OK,pass,OK,2.65609820201283,0,0.477121254719662,2.31806333496276,Plate 2 A6,Plate 2 A6,peptide N4,3,0.6459505738903124
11.5,2,OK,pass,OK,2.83632411570675,1.67209785793572,1.27875360095283,1.5910646070265,Plate 2 A7,Plate 2 A7,peptide N4,3,1.1113947280283314
11.5,2,OK,pass,OK,2.36172783601759,1.79934054945358,1.72427586960079,2.17897694729317,Plate 2 A8,Plate 2 A8,peptide N4,3,1.15201442309565
11.5,2,OK,pass,OK,2.61172330800734,0.477121254719662,1.41497334797082,1.83250891270624,Plate 2 A9,Plate 2 A9,peptide N4,3,0.7832168185803825
11.5,2,OK,pass,OK,2.39445168082622,1.50514997831991,0,1.99122607569249,Plate 2 A10,Plate 2 A10,peptide N4,3,0.4234262683677394
11.5,2,OK,pass,OK,2.32837960343874,0.954242509439325,0.602059991327962,2.19589965240923,Plate 2 A11,Plate 2 A11,peptide N4,3,0.5242087562957021
11.5,2,OK,pass,OK,2.1846914308176,1.43136376415899,0.903089986991944,2.25042000230889,Plate 2 A12,Plate 2 A12,peptide N4,3,0.8011497419190077
11.5,2,OK,pass,OK,2.77524625974024,1.69897000433602,0.698970004336019,1.76342799356294,Plate 2 B1,Plate 2 B1,peptide N4,3,0.3832260305113092
11.5,2,OK,pass,OK,2.6222140229663,1.98677173426624,1.46239799789896,1.7160033436348,Plate 2 B2,Plate 2 B2,peptide N4,3,0.44860272160622167
11.5,2,OK,pass,OK,1.99563519459755,0.301029995663981,0.301029995663981,1.97772360528885,Plate 2 B3,Plate 2 B3,peptide N4,3,0.4553501193211571
11.5,2,OK,pass,OK,2.54777470538782,1.89762709129044,2.12057393120585,1.53147891704226,Plate 2 B4,Plate 2 B4,peptide N4,3,0.6808602385384409
11.5,2,OK,pass,OK,1.90308998699194,1.50514997831991,0.698970004336019,2.17609125905568,Plate 2 B5,Plate 2 B5,peptide N4,3,0.5826350865091201
11.5,2,OK,pass,OK,2.61172330800734,1.53147891704226,1.20411998265592,1.63346845557959,Plate 2 B6,Plate 2 B6,peptide N4,3,0.7314567008152763
11.5,2,OK,pass,OK,2.52891670027765,1.25527250510331,1.36172783601759,1.04139268515823,Plate 2 B7,Plate 2 B7,peptide N4,3,0.7548335473102697
11.5,2,OK,pass,OK,2.26717172840301,1.49136169383427,0.954242509439325,1.07918124604762,Plate 2 B9,Plate 2 B9,peptide N4,3,0.4410930844435429
11.5,2,OK,pass,OK,1.89209460269048,0.477121254719662,1.39794000867204,1.81291335664286,Plate 2 B10,Plate 2 B10,peptide N4,3,0.5736415630842664
11.5,2,OK,pass,OK,1.51851393987789,1.27875360095283,0,2.6170003411209,Plate 2 B11,Plate 2 B11,peptide N4,3,0.38387100235170746
11.5,2,OK,pass,OK,2.74036268949424,1.39794000867204,1.04139268515823,2.06069784035361,Plate 2 B12,Plate 2 B12,peptide N4,3,0.45916582685246415
11.5,2,OK,pass,OK,1.2304489213782701,0.477121254719662,0.954242509439325,2.78887511577542,Plate 2 C2,Plate 2 C2,peptide N4,1,0.4046499203147472
11.5,2,OK,pass,OK,0.602059991327962,0.778151250383644,0.954242509439325,2.83314711191279,Plate 2 C5,Plate 2 C5,peptide N4,1,0.17742588991318842
11.5,2,OK,pass,OK,1,1.39794000867204,1.94448267215017,3.43520710324075,Plate 2 C7,Plate 2 C7,peptide N4,1,0.4581510110196697
11.5,2,OK,pass,OK,1.65321251377534,0.477121254719662,0,1.82607480270083,Plate 2 C8,Plate 2 C8,peptide N4,1,0.6507495252062825
11.5,2,OK,pass,OK,0,0.903089986991944,0.845098040014257,2.35218251811136,Plate 2 C10,Plate 2 C10,peptide N4,1,0.6309673819056764
11.5,2,OK,pass,OK,1.34242268082221,0.845098040014257,1.41497334797082,1.17609125905568,Plate 2 C11,Plate 2 C11,peptide N4,1,0.23844563836597016
11.5,2,OK,pass,OK,0.602059991327962,0.845098040014257,0.845098040014257,2.60530504614111,Plate 2 C12,Plate 2 C12,peptide N4,1,0.3074666458737622
11.5,2,OK,pass,OK,0,0.954242509439325,0.698970004336019,2.45636603312904,Plate 2 D1,Plate 2 D1,NA,NA,0.3984617988809963
11.5,2,OK,pass,OK,0,1.07918124604762,1.36172783601759,3.21616590228599,Plate 2 D2,Plate 2 D2,NA,NA,0.3497912315401753
11.5,2,OK,pass,OK,0.778151250383644,0.903089986991944,0,2.29225607135648,Plate 2 D3,Plate 2 D3,NA,NA,0.23504487775296123
11.5,2,OK,pass,OK,0.602059991327962,0.845098040014257,0,2.8394780473742,Plate 2 D4,Plate 2 D4,NA,NA,0.4412464343916096
11.5,2,OK,pass,OK,0.778151250383644,0.845098040014257,1.14612803567824,2.19865708695442,Plate 2 D5,Plate 2 D5,NA,NA,0.289511171072186
11.5,2,OK,pass,OK,0.845098040014257,0.845098040014257,1.20411998265592,2.89431606268444,Plate 2 D7,Plate 2 D7,NA,NA,0.4208012780802444
11.5,2,OK,pass,OK,0,0.698970004336019,0.845098040014257,2.9795483747041,Plate 2 D8,Plate 2 D8,NA,NA,0.7411267681286596
11.5,2,OK,pass,OK,0,0.845098040014257,1.17609125905568,2.88705437805096,Plate 2 D9,Plate 2 D9,NA,NA,0.7183994037666545
11.5,2,OK,pass,OK,0.301029995663981,0.602059991327962,1.07918124604762,3.01577875638904,Plate 2 D10,Plate 2 D10,NA,NA,0.8232772373665165
11.5,2,OK,pass,OK,0,0.845098040014257,1.04139268515823,2.51851393987789,Plate 2 D12,Plate 2 D12,NA,NA,0.3074756664589426
11.5,2,OK,pass,OK,2.95808584852109,2.06818586174616,1.46239799789896,2.73239375982297,Plate 2 E1,Plate 2 E1,peptide N4,6,0.4583449536010482
11.5,2,OK,pass,OK,2.83758843823551,2.56110138364906,2.7160033436348,1.79934054945358,Plate 2 E2,Plate 2 E2,peptide N4,6,0.5527318466361109
11.5,2,OK,pass,OK,2.68214507637383,2.38560627359831,1.46239799789896,2.31806333496276,Plate 2 E3,Plate 2 E3,peptide N4,6,0.43610019054619426
11.5,2,OK,pass,OK,2.89431606268444,2.54406804435028,2.04139268515822,1.78532983501077,Plate 2 E4,Plate 2 E4,peptide N4,6,0.8731565631215105
11.5,2,OK,pass,OK,2.52762990087134,2.2380461031288,1.6232492903979,1.47712125471966,Plate 2 E5,Plate 2 E5,peptide N4,6,0.7863740233935207
11.5,2,OK,pass,OK,2.9329808219232,2.30319605742049,2.18184358794477,2.12385164096709,Plate 2 E6,Plate 2 E6,peptide N4,6,0.6419815164109386
11.5,2,OK,pass,OK,2.7427251313047,1.67209785793572,1.32221929473392,2.49276038902684,Plate 2 E7,Plate 2 E7,peptide N4,6,0.9017518181433624
11.5,2,OK,pass,OK,2.6232492903979,2.59549622182557,0.845098040014257,1.68124123737559,Plate 2 E8,Plate 2 E8,peptide N4,6,1.4017718752778352
11.5,2,OK,pass,OK,2.79726754083072,1.89209460269048,1.27875360095283,1.36172783601759,Plate 2 E9,Plate 2 E9,peptide N4,6,1.53046405375394
11.5,2,OK,pass,OK,2.76863810124761,2.16731733474818,1.88081359228079,2.14301480025409,Plate 2 E10,Plate 2 E10,peptide N4,6,1.2272731652556852
11.5,2,OK,pass,OK,1.99122607569249,2.14301480025409,3.02407498730743,1.30102999566398,Plate 2 E11,Plate 2 E11,peptide N4,6,0.658800397479785
11.5,2,OK,pass,OK,3.10856502373283,2.54282542695918,2.14612803567824,1.7160033436348,Plate 2 E12,Plate 2 E12,peptide N4,6,0.5896125091461556
11.5,2,OK,pass,OK,2.28330122870355,1.60205999132796,0.301029995663981,3.24254142829838,Plate 2 F1,Plate 2 F1,peptide T4,6,0.4827952497325088
11.5,2,OK,pass,OK,2.72098574415374,1,1.07918124604762,2.60097289568675,Plate 2 F2,Plate 2 F2,peptide T4,6,0.4098142053305233
11.5,2,OK,pass,OK,2.11727129565576,1.60205999132796,1.17609125905568,2.53529412004277,Plate 2 F3,Plate 2 F3,peptide T4,6,0.45835397418622864
11.5,2,OK,pass,OK,0.698970004336019,1.34242268082221,1.04139268515823,3.37069809257558,Plate 2 F4,Plate 2 F4,peptide T4,6,0.6010325699845357
11.5,2,OK,pass,OK,2.78318869107526,1.98227123303957,0,2.77959649125782,Plate 2 F5,Plate 2 F5,peptide T4,6,0.5275373522272678
11.5,2,OK,pass,OK,2.54900326202579,2.53781909507327,2.32633586092875,2.15228834438306,Plate 2 F6,Plate 2 F6,peptide T4,6,0.8986712883042576
11.5,2,OK,pass,OK,2.60205999132796,2.38381536598043,1.81954393554187,2.42488163663107,Plate 2 F7,Plate 2 F7,peptide T4,6,1.1015216975483892
11.5,2,OK,pass,OK,2.29446622616159,2.08635983067475,0,2.84073323461181,Plate 2 F8,Plate 2 F8,peptide T4,6,0.9710750152546977
11.5,2,OK,pass,OK,0,1.14612803567824,0.477121254719662,3.20194306340165,Plate 2 F9,Plate 2 F9,peptide T4,6,0.9894183752190309
11.5,2,OK,pass,OK,2.68663626926229,1.95424250943932,1.85125834871908,2.07554696139253,Plate 2 F10,Plate 2 F10,peptide T4,6,1.33746863381939
11.5,2,OK,pass,OK,2.45636603312904,2.12385164096709,1.80617997398389,2.3747483460101,Plate 2 F11,Plate 2 F11,peptide T4,6,0.23896883230643307
11.5,2,OK,pass,OK,2.62940959910272,2.05690485133647,1.39794000867204,2.44247976906445,Plate 2 F12,Plate 2 F12,peptide T4,6,0.46638229499678013
11.5,2,OK,pass,OK,1.66275783168157,1.32221929473392,1.14612803567824,3.36436335461573,Plate 2 G1,Plate 2 G1,peptide G4,6,0.35464430636722777
11.5,2,OK,pass,OK,2.11058971029925,1.43136376415899,0,2.73479982958885,Plate 2 G2,Plate 2 G2,peptide G4,6,0.30098535542164834
11.5,2,OK,pass,OK,2.72181061521255,2.17897694729317,0,2.66558099101795,Plate 2 G3,Plate 2 G3,peptide G4,6,0.39012677817431135
11.5,2,OK,pass,OK,1.32221929473392,1.17609125905568,1.04139268515823,3.27966694404846,Plate 2 G4,Plate 2 G4,peptide G4,6,0.3343705411742901
11.5,2,OK,pass,OK,1.81954393554187,1.32221929473392,1,3.1152775913959,Plate 2 G5,Plate 2 G5,peptide G4,6,0.44429990247517326
11.5,2,OK,pass,OK,0,1.14612803567824,1.30102999566398,3.15685190107001,Plate 2 G6,Plate 2 G6,peptide G4,6,0.3383937221647463
11.5,2,OK,pass,OK,0,1.32221929473392,1.61278385671974,3.34380233316165,Plate 2 G7,Plate 2 G7,peptide G4,6,0.5092390951888366
11.5,2,OK,pass,OK,2.14612803567824,1.82607480270083,0,3.04257551244019,Plate 2 G8,Plate 2 G8,peptide G4,6,0.820801086734498
11.5,2,OK,pass,OK,1,1.04139268515823,0.954242509439325,2.96941591235398,Plate 2 G9,Plate 2 G9,peptide G4,6,0.954156907748867
11.5,2,OK,pass,OK,1.99122607569249,1.81954393554187,1.11394335230684,2.81224469680037,Plate 2 G10,Plate 2 G10,peptide G4,6,1.2252660850530472
11.5,2,OK,pass,OK,1.79239168949825,1.38021124171161,0.301029995663981,3.39005149645899,Plate 2 G11,Plate 2 G11,peptide G4,6,0.16293883011347413
11.5,2,OK,pass,OK,1.20411998265592,1.27875360095283,0.903089986991944,2.90091306773767,Plate 2 H1,Plate 2 H1,peptide NP68,6,0.32735252590394287
11.5,2,OK,pass,OK,1.34242268082221,0.954242509439325,1.56820172406699,3.13417710757677,Plate 2 H2,Plate 2 H2,peptide NP68,6,0.2394153512728626
11.5,2,OK,pass,OK,1.38021124171161,0.698970004336019,1.34242268082221,2.79934054945358,Plate 2 H3,Plate 2 H3,peptide NP68,6,0.23323625042429202
11.5,2,OK,pass,OK,0.845098040014257,1.2304489213782701,0,3.37694175714676,Plate 2 H4,Plate 2 H4,peptide NP68,6,0.23867566328807022
11.5,2,OK,pass,OK,0.698970004336019,1.17609125905568,1.25527250510331,3.21616590228599,Plate 2 H5,Plate 2 H5,peptide NP68,6,0.317808746783085
11.5,2,OK,pass,OK,0,1.30102999566398,0,3.33984878303764,Plate 2 H6,Plate 2 H6,peptide NP68,6,0.4305074277343494
11.5,2,OK,pass,OK,1.11394335230684,1.07918124604762,1.17609125905568,3.12807601266872,Plate 2 H7,Plate 2 H7,peptide NP68,6,0.6528874038940361
11.5,2,OK,pass,OK,0.477121254719662,1.20411998265592,0,3.32510498297141,Plate 2 H8,Plate 2 H8,peptide NP68,6,0.7237621416563994
11.5,2,OK,pass,OK,1,1.86332286012046,0.301029995663981,3.35983548233989,Plate 2 H9,Plate 2 H9,peptide NP68,6,2.034024690571718
11.5,2,OK,pass,OK,0.698970004336019,0.845098040014257,1.46239799789896,3.34556975605639,Plate 2 H10,Plate 2 H10,peptide NP68,6,1.563673338095564
11.5,2,OK,pass,OK,1.83250891270624,1,1.04139268515823,1.20411998265592,Plate 2 H11,Plate 2 H11,peptide NP68,6,0.3239201932428026
11.5,2,OK,pass,OK,0.477121254719662,0.778151250383644,1.50514997831991,2.95568775031351,Plate 3 A1,Plate 3 A1,peptide G4,6,0.477775294079619
11.5,2,OK,pass,OK,2.37657695705651,1.88081359228079,0.698970004336019,2.67669360962487,Plate 3 A2,Plate 3 A2,peptide G4,6,0.5304690424108961
11.5,2,OK,pass,OK,1.27875360095283,0.698970004336019,0,3.15986784709257,Plate 3 A3,Plate 3 A3,peptide G4,6,0.3923774141768199
11.5,2,OK,pass,OK,1.97772360528885,1.49136169383427,1.56820172406699,3.07518185461869,Plate 3 A4,Plate 3 A4,peptide G4,6,0.2857901796852731
11.5,2,OK,pass,OK,2.28555730900777,0.845098040014257,0,2.73798732633343,Plate 3 A5,Plate 3 A5,peptide G4,6,0.4517554161267697
11.5,2,OK,pass,OK,0.698970004336019,0.954242509439325,0.778151250383644,3.17724783625562,Plate 3 A6,Plate 3 A6,peptide G4,6,0.3657396261391136
11.5,2,OK,pass,OK,2.60097289568675,2.20951501454263,0,2.99166900737995,Plate 3 A7,Plate 3 A7,peptide G4,6,1.0632879472612853
11.5,2,OK,pass,OK,2.41995574848976,2.00432137378264,2.00432137378264,2.46834733041216,Plate 3 A9,Plate 3 A9,peptide G4,6,0.9907038086072372
11.5,2,OK,pass,OK,0,1,1.34242268082221,2.9415114326344,Plate 3 A10,Plate 3 A10,peptide G4,6,0.38050632407942014
11.5,2,OK,pass,OK,1.75587485567249,0.954242509439325,1.36172783601759,3.17435059747938,Plate 3 A11,Plate 3 A11,peptide G4,6,0.4800710330080295
11.5,2,OK,pass,OK,1.11394335230684,1.81954393554187,0,3.17840134153376,Plate 3 A12,Plate 3 A12,peptide G4,6,0.35169908530582883
11.5,2,OK,pass,OK,0.477121254719662,0.903089986991944,1.38021124171161,2.62428209583567,Plate 3 B1,Plate 3 B1,peptide NP68,6,0.7272801698767534
11.5,2,OK,pass,OK,0,1.11394335230684,0,3.23879856271392,Plate 3 B2,Plate 3 B2,peptide NP68,6,0.24774586168695734
11.5,2,OK,pass,OK,0,0.477121254719662,1.72427586960079,2.63548374681491,Plate 3 B3,Plate 3 B3,peptide NP68,6,0.27303507224019463
11.5,2,OK,pass,OK,0,1.04139268515823,1.41497334797082,3.3230457354817,Plate 3 B4,Plate 3 B4,peptide NP68,6,0.11706013388598537
11.5,2,OK,pass,OK,0,1.2304489213782701,0.602059991327962,3.10856502373283,Plate 3 B5,Plate 3 B5,peptide NP68,6,0.24660926795422758
11.5,2,OK,pass,OK,2.50785587169583,2.01703333929878,1.14612803567824,3.23754373814287,Plate 3 B6,Plate 3 B6,peptide NP68,6,0.46517804687519737
11.5,2,OK,pass,OK,0.301029995663981,0.954242509439325,1.2304489213782701,3.14332712999205,Plate 3 B7,Plate 3 B7,peptide NP68,6,0.29195123936348283
11.5,2,OK,pass,OK,0,1.07918124604762,0.698970004336019,3.2496874278053,Plate 3 B8,Plate 3 B8,peptide NP68,6,0.48642152497502755
11.5,2,OK,pass,OK,0,1.30102999566398,0,3.32014628611105,Plate 3 B9,Plate 3 B9,peptide NP68,6,0.41720657488585705
11.5,2,OK,pass,OK,1.30102999566398,1.17609125905568,1.14612803567824,3.36810085170935,Plate 3 B10,Plate 3 B10,peptide NP68,6,0.2754074861426385
11.5,2,OK,pass,OK,0,1.39794000867204,0.602059991327962,3.43360984332372,Plate 3 B11,Plate 3 B11,peptide NP68,6,0.43209505072609894
11.5,2,OK,pass,OK,2.71180722904119,2.33645973384853,1,2.14612803567824,Plate 3 C1,Plate 3 C1,peptide N4,6,0.5462415355988167
11.5,2,OK,pass,OK,2.90200289135073,2.58883172559421,0.954242509439325,1.97772360528885,Plate 3 C2,Plate 3 C2,peptide N4,6,0.7149309887647926
11.5,2,OK,pass,OK,2.5705429398819,2.51454775266029,0.698970004336019,1.32221929473392,Plate 3 C3,Plate 3 C3,peptide N4,6,0.5153325004781935
11.5,2,OK,pass,OK,2.87448181769947,1.78532983501077,1.63346845557959,1.69897000433602,Plate 3 C4,Plate 3 C4,peptide N4,6,0.6214551748329499
11.5,2,OK,pass,OK,2.9329808219232,2.52633927738984,0,1.85125834871908,Plate 3 C5,Plate 3 C5,peptide N4,6,0.5765867841456653
11.5,2,OK,pass,OK,2.72263392253381,2.32428245529769,0,2.03742649794062,Plate 3 C6,Plate 3 C6,peptide N4,6,0.5629025564270062
11.5,2,OK,pass,OK,2.67669360962487,2.62940959910272,2.17026171539496,1.83250891270624,Plate 3 C7,Plate 3 C7,peptide N4,6,0.7282002695651537
11.5,2,OK,pass,OK,2.80617997398389,2.34439227368511,1.84509804001426,1.36172783601759,Plate 3 C8,Plate 3 C8,peptide N4,6,0.3338744089893684
11.5,2,OK,pass,OK,2.54157924394658,1.92941892571429,2.19589965240923,2.17897694729317,Plate 3 C9,Plate 3 C9,peptide N4,6,0.9327645899935603
11.5,2,OK,pass,OK,2.86451108105839,2.3096301674259,1.51851393987789,1.92427928606188,Plate 3 C10,Plate 3 C10,peptide N4,6,0.531312467125263
11.5,2,OK,pass,OK,2.36921585741014,2.22530928172586,0,2.34439227368511,Plate 3 C11,Plate 3 C11,peptide N4,6,0.5067223519235065
11.5,2,OK,pass,OK,2.6730209071289,2.14612803567824,1.47712125471966,2.44715803134222,Plate 3 C12,Plate 3 C12,peptide N4,6,0.6335517795598595
11.5,2,OK,pass,OK,2.55630250076729,2.04532297878666,1.2304489213782701,2.33445375115093,Plate 3 D1,Plate 3 D1,peptide T4,6,0.6433120527250469
11.5,2,OK,pass,OK,2.44870631990508,1.69897000433602,0,2.14612803567824,Plate 3 D2,Plate 3 D2,peptide T4,6,0.5224768039410662
11.5,2,OK,pass,OK,2.70842090013471,2.49276038902684,0,1.39794000867204,Plate 3 D3,Plate 3 D3,peptide T4,6,0.8379582397476093
11.5,2,OK,pass,OK,2.73479982958885,2.26007138798507,2.24551266781415,2.94987770403687,Plate 3 D4,Plate 3 D4,peptide T4,6,0.8799941666882498
11.5,2,OK,pass,OK,2.26951294421792,1.94939000664491,1.30102999566398,2.25285303097989,Plate 3 D5,Plate 3 D5,peptide T4,6,0.7581486123640649
11.5,2,OK,pass,OK,2.50514997831991,1.53147891704226,1.60205999132796,2.54032947479087,Plate 3 D6,Plate 3 D6,peptide T4,6,0.5712691491818225
11.5,2,OK,pass,OK,1.46239799789896,1.51851393987789,1.34242268082221,3.07591176148278,Plate 3 D7,Plate 3 D7,peptide T4,6,0.7106371902189246
11.5,2,OK,pass,OK,2.59549622182557,2.24551266781415,2.42975228000241,2.72672720902657,Plate 3 D8,Plate 3 D8,peptide T4,6,0.8008250008525134
11.5,2,OK,pass,OK,1.93449845124357,0.954242509439325,1.73239375982297,3.3003780648707,Plate 3 D9,Plate 3 D9,peptide T4,6,0.48753556724480634
11.5,2,OK,pass,OK,2.12057393120585,1.68124123737559,0.903089986991944,2.80888586735981,Plate 3 D10,Plate 3 D10,peptide T4,6,0.40013962772454975
11.5,2,OK,pass,OK,2.19865708695442,1.34242268082221,1.30102999566398,2.61172330800734,Plate 3 D11,Plate 3 D11,peptide T4,6,0.346769335504743
11.5,2,OK,pass,OK,2.02530586526477,1.5910646070265,1.47712125471966,3.13735411137073,Plate 3 D12,Plate 3 D12,peptide T4,6,0.8461128487506864
11.5,2,OK,pass,OK,0.477121254719662,0,0.301029995663981,1.84509804001426,Plate 3 E1,Plate 3 E1,peptide N4,1,0.2855511341779926
11.5,2,OK,pass,OK,0,0.602059991327962,0,1.66275783168157,Plate 3 E2,Plate 3 E2,peptide N4,1,0.3874702158386851
11.5,2,OK,pass,OK,1.66275783168157,0.954242509439325,1.32221929473392,2.21218760440396,Plate 3 E3,Plate 3 E3,peptide N4,1,0.4156054210163369
11.5,2,OK,pass,OK,0.778151250383644,0.778151250383644,0,2.38738982633873,Plate 3 E4,Plate 3 E4,peptide N4,1,0.47282299281558215
11.5,2,OK,pass,OK,0.903089986991944,1.11394335230684,0.477121254719662,2.62428209583567,Plate 3 E5,Plate 3 E5,peptide N4,1,0.3533227906382999
11.5,2,OK,pass,OK,0,0.845098040014257,0.301029995663981,2.99519629159718,Plate 3 E8,Plate 3 E8,peptide N4,1,0.3850707401807
11.5,2,OK,pass,OK,0.698970004336019,0.698970004336019,0.954242509439325,2.72672720902657,Plate 3 E9,Plate 3 E9,peptide N4,1,0.4682360252513513
11.5,2,OK,pass,OK,1.44715803134222,0.602059991327962,0.301029995663981,1.7160033436348,Plate 3 E10,Plate 3 E10,peptide N4,1,0.328110255059096
11.5,2,OK,pass,OK,0,0.477121254719662,1.43136376415899,1.70757017609794,Plate 3 E11,Plate 3 E11,peptide N4,1,0.4116949973406357
11.5,2,OK,pass,OK,1.41497334797082,0.477121254719662,0.698970004336019,2.01703333929878,Plate 3 E12,Plate 3 E12,peptide N4,1,0.36607789808337843
11.5,2,OK,pass,OK,0,1,1.20411998265592,3.15106325335375,Plate 3 F1,Plate 3 F1,NA,NA,0.4306382262194651
11.5,2,OK,pass,OK,0,0.778151250383644,0.845098040014257,2.84385542262316,Plate 3 F2,Plate 3 F2,NA,NA,0.3341720883003214
11.5,2,OK,pass,OK,1.17609125905568,0.845098040014257,1.51851393987789,3.02325245963371,Plate 3 F3,Plate 3 F3,NA,NA,0.4030622973229977
11.5,2,OK,pass,OK,0.698970004336019,1.04139268515823,0,3.21245396104028,Plate 3 F4,Plate 3 F4,NA,NA,0.28731014828816964
11.5,2,OK,pass,OK,0.903089986991944,1.11394335230684,1.43136376415899,2.90848501887865,Plate 3 F5,Plate 3 F5,NA,NA,0.339940752523184
11.5,2,OK,pass,OK,0.301029995663981,1.14612803567824,1.34242268082221,3.1102529173534,Plate 3 F6,Plate 3 F6,NA,NA,0.2817715089874071
11.5,2,OK,pass,OK,0.954242509439325,0.954242509439325,0,3.11660774398825,Plate 3 F7,Plate 3 F7,NA,NA,0.39373501224646934
11.5,2,OK,pass,OK,0.778151250383644,1.04139268515823,0,2.65127801399814,Plate 3 F8,Plate 3 F8,NA,NA,0.24559896241402335
11.5,2,OK,pass,OK,0.778151250383644,0.845098040014257,0,3.1152775913959,Plate 3 F9,Plate 3 F9,NA,NA,0.3242674857722478
11.5,2,OK,pass,OK,0.602059991327962,1.11394335230684,0.778151250383644,2.46982201597816,Plate 3 F10,Plate 3 F10,NA,NA,0.290471863393898
11.5,2,OK,pass,OK,0.602059991327962,1.14612803567824,1.04139268515823,3.28735377271475,Plate 3 F11,Plate 3 F11,NA,NA,0.3840333728849546
11.5,2,OK,pass,OK,0.301029995663981,0.778151250383644,0.301029995663981,2.78532983501077,Plate 3 F12,Plate 3 F12,NA,NA,0.3113635386716928
11.5,2,OK,pass,OK,2.64443858946784,1.36172783601759,1.90308998699194,2.19312459835446,Plate 3 G1,Plate 3 G1,peptide N4,3,0.3508601708840521
11.5,2,OK,pass,OK,2.33243845991561,1.14612803567824,0.845098040014257,2.14921911265538,Plate 3 G2,Plate 3 G2,peptide N4,3,0.7461422134889593
11.5,2,OK,pass,OK,2.86451108105839,1.91907809237607,1.25527250510331,1.96378782734556,Plate 3 G3,Plate 3 G3,peptide N4,3,0.511074784273047
11.5,2,OK,pass,OK,2.25285303097989,1.11394335230684,1.78532983501077,1.43136376415899,Plate 3 G4,Plate 3 G4,peptide N4,3,0.7367608049013484
11.5,2,OK,pass,OK,2.76937732607614,0.954242509439325,1.17609125905568,2.46538285144842,Plate 3 G5,Plate 3 G5,peptide N4,3,0.5968289772904716
11.5,2,OK,pass,OK,2.60638136511061,1,0.778151250383644,1.80617997398389,Plate 3 G6,Plate 3 G6,peptide N4,3,0.5014723713485166
11.5,2,OK,pass,OK,2.10380372095596,1,1.6232492903979,2.25042000230889,Plate 3 G7,Plate 3 G7,peptide N4,3,0.5072229944010184
11.5,2,OK,pass,OK,2.6222140229663,1,0.698970004336019,2.02118929906994,Plate 3 G8,Plate 3 G8,peptide N4,3,0.7740879863778227
11.5,2,OK,pass,OK,2.51188336097887,1.99122607569249,1.99122607569249,1.86923171973098,Plate 3 G9,Plate 3 G9,peptide N4,3,0.49792277108003113
11.5,2,OK,pass,OK,2.36361197989214,1.49136169383427,0.602059991327962,1.80617997398389,Plate 3 G10,Plate 3 G10,peptide N4,3,0.50703356211223
11.5,2,OK,pass,OK,2.6222140229663,1.81954393554187,1.2304489213782701,2.33041377334919,Plate 3 G11,Plate 3 G11,peptide N4,3,0.5333601399612128
11.5,2,OK,pass,OK,2.63948648926859,1.39794000867204,0,1.81291335664286,Plate 3 H2,Plate 3 H2,peptide N4,3,1.8502979219100235
11.5,2,OK,pass,OK,0.602059991327962,1.2304489213782701,1.44715803134222,3.14643813528577,Plate 3 H3,Plate 3 H3,peptide N4,3,0.765414693726873
11.5,2,OK,pass,OK,2.5705429398819,0.954242509439325,1.04139268515823,2.05690485133647,Plate 3 H4,Plate 3 H4,peptide N4,3,1.2541590193858523
11.5,2,OK,pass,OK,2.8394780473742,2.02530586526477,1.56820172406699,1.44715803134222,Plate 3 H5,Plate 3 H5,peptide N4,3,0.7413342415878087
11.5,2,OK,pass,OK,2.65321251377534,1.75587485567249,0,1.44715803134222,Plate 3 H8,Plate 3 H8,peptide N4,3,1.3818318717365723
11.5,2,OK,pass,OK,0.903089986991944,0.845098040014257,1.67209785793572,2.931457870689,Plate 3 H9,Plate 3 H9,peptide N4,3,0.863599253122882
11.5,2,OK,pass,OK,2.72997428569956,1.5440680443502799,1.32221929473392,1.69019608002851,Plate 3 H10,Plate 3 H10,peptide N4,3,1.0588407987673505
11.5,2,OK,pass,OK,2.13353890837022,0.954242509439325,0.845098040014257,2.22788670461367,Plate 3 H11,Plate 3 H11,peptide N4,3,1.1864956099477095
11.5,2,OK,pass,OK,1.96848294855394,0.301029995663981,1.14612803567824,1.81291335664286,Plate 4 A1,Plate 4 A1,peptide N4,1,1.9320605059851237
11.5,2,OK,pass,OK,1.68124123737559,0.698970004336019,1.34242268082221,1.80617997398389,Plate 4 A2,Plate 4 A2,peptide N4,1,0.36222610821134976
11.5,2,OK,pass,OK,0.301029995663981,1.07918124604762,1.69019608002851,2.79726754083072,Plate 4 A3,Plate 4 A3,peptide N4,1,0.4254874720814596
11.5,2,OK,pass,OK,0.301029995663981,0.778151250383644,1.17609125905568,1.61278385671974,Plate 4 A4,Plate 4 A4,peptide N4,1,0.5172764365845686
11.5,2,OK,pass,OK,1.2304489213782701,0.301029995663981,1.11394335230684,1.85125834871908,Plate 4 A6,Plate 4 A6,peptide N4,1,0.32328875228017495
11.5,2,OK,pass,OK,1.25527250510331,1.11394335230684,0.301029995663981,2.46982201597816,Plate 4 A7,Plate 4 A7,peptide N4,1,0.5787652554667307
11.5,2,OK,pass,OK,0,0.698970004336019,1.11394335230684,0.845098040014257,Plate 4 A8,Plate 4 A8,peptide N4,1,0.4617863068473689
11.5,2,OK,pass,OK,1.73239375982297,1,0.778151250383644,2.77959649125782,Plate 4 A10,Plate 4 A10,peptide N4,1,0.362162964115087
11.5,2,OK,pass,OK,0.778151250383644,0.602059991327962,1.14612803567824,2.79588001734408,Plate 4 A11,Plate 4 A11,peptide N4,1,0.5282138961157974
11.5,2,OK,pass,OK,1.14612803567824,0.698970004336019,0.477121254719662,2.34439227368511,Plate 4 A12,Plate 4 A12,peptide N4,1,0.4313914450820281
11.5,2,OK,pass,OK,0,0.954242509439325,0.477121254719662,2.04139268515822,Plate 4 B1,Plate 4 B1,peptide N4,1,1.0995236379309317
11.5,2,OK,pass,OK,0,0.954242509439325,0.477121254719662,2.85003325768977,Plate 4 B3,Plate 4 B3,peptide N4,1,0.3581397831246308
11.5,2,OK,pass,OK,1.2304489213782701,0.602059991327962,0.954242509439325,1.98227123303957,Plate 4 B4,Plate 4 B4,peptide N4,1,0.36156309520059077
11.5,2,OK,pass,OK,1.80617997398389,0.698970004336019,1.5440680443502799,1.69897000433602,Plate 4 B5,Plate 4 B5,peptide N4,1,0.5726808707625544
11.5,2,OK,pass,OK,1.04139268515823,0.477121254719662,0.903089986991944,2.09342168516224,Plate 4 B6,Plate 4 B6,peptide N4,1,0.4159121209124703
11.5,2,OK,pass,OK,0,0.301029995663981,0.477121254719662,1.5440680443502799,Plate 4 B7,Plate 4 B7,peptide N4,1,0.26135792472417335
11.5,2,OK,pass,OK,0.602059991327962,0.903089986991944,1.25527250510331,2.77085201164214,Plate 4 B8,Plate 4 B8,peptide N4,1,0.5039846043212566
11.5,2,OK,pass,OK,0.477121254719662,0.698970004336019,0,2.13987908640124,Plate 4 B9,Plate 4 B9,peptide N4,1,0.43476514393949584
11.5,2,OK,pass,OK,0.477121254719662,0,0,2.44715803134222,Plate 4 B10,Plate 4 B10,peptide N4,1,0.3004441203108247
11.5,2,OK,pass,OK,0.602059991327962,0.698970004336019,0.477121254719662,2.84385542262316,Plate 4 B12,Plate 4 B12,peptide N4,1,0.440159453877372
11.5,2,OK,pass,OK,2.01283722470517,1.20411998265592,0.954242509439325,1.44715803134222,Plate 4 C1,Plate 4 C1,peptide N4,3,1.6956039066514306
11.5,2,OK,pass,OK,2.66181268553726,1.64345267648619,1.17609125905568,1.46239799789896,Plate 4 C2,Plate 4 C2,peptide N4,3,0.9366073592804085
11.5,2,OK,pass,OK,2.49276038902684,1.20411998265592,1.5910646070265,2.02938377768521,Plate 4 C3,Plate 4 C3,peptide N4,3,0.7043814143963207
11.5,2,OK,pass,OK,2.3541084391474,1,0.477121254719662,1.7481880270062,Plate 4 C4,Plate 4 C4,peptide N4,3,0.7242672944265015
11.5,2,OK,pass,OK,2.86033800657099,1.78532983501077,0,2.05307844348342,Plate 4 C5,Plate 4 C5,peptide N4,3,0.7111739150371581
11.5,2,OK,pass,OK,3.12936759572299,2.32014628611105,2.35983548233989,1.88649072517248,Plate 4 C6,Plate 4 C6,peptide N4,3,0.8245626707547227
11.5,2,OK,pass,OK,1.79239168949825,1.25527250510331,1.81954393554187,2.50650503240487,Plate 4 C7,Plate 4 C7,peptide N4,3,0.42385474616380814
11.5,2,OK,pass,OK,2.65127801399814,1.36172783601759,0.301029995663981,1.90848501887865,Plate 4 C8,Plate 4 C8,peptide N4,3,0.5458040372175675
11.5,2,OK,pass,OK,2.16435285578444,1.80617997398389,1.2304489213782701,2.20682587603185,Plate 4 C9,Plate 4 C9,peptide N4,3,0.5516899690477752
11.5,2,OK,pass,OK,2.62736585659273,1.25527250510331,0,2,Plate 4 C11,Plate 4 C11,peptide N4,3,0.6705451993846593
11.5,2,OK,pass,OK,2.72916478969277,1.44715803134222,1.94939000664491,1.7481880270062,Plate 4 C12,Plate 4 C12,peptide N4,3,0.7162164221529989
11.5,2,OK,pass,OK,0,0.301029995663981,1.38021124171161,2.03342375548695,Plate 4 D1,Plate 4 D1,NA,NA,1.2171159863425602
11.5,2,OK,pass,OK,0.301029995663981,0.698970004336019,1.17609125905568,2.66558099101795,Plate 4 D2,Plate 4 D2,NA,NA,0.7962786259215944
11.5,2,OK,pass,OK,0.954242509439325,0.477121254719662,1.38021124171161,2.88479536394898,Plate 4 D3,Plate 4 D3,NA,NA,0.39495279124582267
11.5,2,OK,pass,OK,0,0.698970004336019,1.34242268082221,2.86451108105839,Plate 4 D4,Plate 4 D4,NA,NA,0.6385446734572081
11.5,2,OK,pass,OK,0.954242509439325,0.845098040014257,0.602059991327962,3.05956341790127,Plate 4 D5,Plate 4 D5,NA,NA,0.27081149799322723
11.5,2,OK,pass,OK,0.954242509439325,0.903089986991944,0.778151250383644,3.03782475058834,Plate 4 D6,Plate 4 D6,NA,NA,0.2531491922100139
11.5,2,OK,pass,OK,0,1.11394335230684,1.11394335230684,2.99166900737995,Plate 4 D7,Plate 4 D7,NA,NA,0.3100735949908963
11.5,2,OK,pass,OK,1.11394335230684,1.07918124604762,1.69897000433602,2.86332286012046,Plate 4 D8,Plate 4 D8,NA,NA,0.3798433110686611
11.5,2,OK,pass,OK,0.954242509439325,0.778151250383644,0.477121254719662,2.48572142648158,Plate 4 D9,Plate 4 D9,NA,NA,0.30242413875792135
11.5,2,OK,pass,OK,1.04139268515823,0.845098040014257,1.88081359228079,2.66838591669,Plate 4 D10,Plate 4 D10,NA,NA,0.5128428189684044
11.5,2,OK,pass,OK,1.11394335230684,0.301029995663981,0.845098040014257,2.80413943233535,Plate 4 D11,Plate 4 D11,NA,NA,0.28491067263018455
11.5,2,OK,pass,OK,2.10037054511756,0.845098040014257,0.845098040014257,2.56820172406699,Plate 4 E1,Plate 4 E1,peptide G4,6,1.1597450645952483
11.5,2,OK,pass,OK,1.20411998265592,1.11394335230684,0.477121254719662,3.10209052551184,Plate 4 E2,Plate 4 E2,peptide G4,6,0.8068733032159682
11.5,2,OK,pass,OK,0.477121254719662,0.477121254719662,0.301029995663981,2.35793484700045,Plate 4 E3,Plate 4 E3,peptide G4,6,0.41498751093147984
11.5,2,OK,pass,OK,0.954242509439325,1.11394335230684,1.07918124604762,3.16849748352303,Plate 4 E4,Plate 4 E4,peptide G4,6,0.6613847951339682
11.5,2,OK,pass,OK,2.45636603312904,1.73239375982297,1.2304489213782701,2.66745295288995,Plate 4 E5,Plate 4 E5,peptide G4,6,0.6937732062241763
11.5,2,OK,pass,OK,0,1.27875360095283,0.954242509439325,3.40959501939682,Plate 4 E6,Plate 4 E6,peptide G4,6,0.5324039579320908
11.5,2,OK,pass,OK,0,1.11394335230684,0.698970004336019,3.20194306340165,Plate 4 E7,Plate 4 E7,peptide G4,6,0.5555146971642627
11.5,2,OK,pass,OK,2.30749603791321,1.79934054945358,1.27875360095283,3.05690485133647,Plate 4 E8,Plate 4 E8,peptide G4,6,0.4350583129578587
11.5,2,OK,pass,OK,1.51851393987789,1.46239799789896,0,3.17143390094301,Plate 4 E9,Plate 4 E9,peptide G4,6,0.4235345153899041
11.5,2,OK,pass,OK,2.46089784275655,1.92941892571429,1.14612803567824,3.06333335895175,Plate 4 E10,Plate 4 E10,peptide G4,6,1.116568033629288
11.5,2,OK,pass,OK,2.45331834004704,2.15228834438306,0,2.72509452108147,Plate 4 E11,Plate 4 E11,peptide G4,6,0.7803167004448854
11.5,2,OK,pass,OK,1.60205999132796,1.34242268082221,0.698970004336019,3.26387267686522,Plate 4 E12,Plate 4 E12,peptide G4,6,0.6916939613400952
11.5,2,OK,pass,OK,0,1,0,3.24254142829838,Plate 4 F1,Plate 4 F1,peptide NP68,6,1.6423599026241493
11.5,2,OK,pass,OK,0.602059991327962,1,1.27875360095283,2.92685670894969,Plate 4 F2,Plate 4 F2,peptide NP68,6,0.7841730006095043
11.5,2,OK,pass,OK,0,1.20411998265592,1.34242268082221,3.34458874257871,Plate 4 F3,Plate 4 F3,peptide NP68,6,0.3824006469673031
11.5,2,OK,pass,OK,0.477121254719662,0.778151250383644,0.301029995663981,3.10037054511756,Plate 4 F4,Plate 4 F4,peptide NP68,6,0.3774348148254957
11.5,2,OK,pass,OK,0,1.25527250510331,1.11394335230684,3.23401081758718,Plate 4 F5,Plate 4 F5,peptide NP68,6,0.37545028608580877
11.5,2,OK,pass,OK,0.602059991327962,1.04139268515823,1.2304489213782701,3.36810085170935,Plate 4 F6,Plate 4 F6,peptide NP68,6,0.2658546864366002
11.5,2,OK,pass,OK,0.845098040014257,1.04139268515823,0.698970004336019,3.40122816749811,Plate 4 F7,Plate 4 F7,peptide NP68,6,0.3565341189625205
11.5,2,OK,pass,OK,2.27646180417324,1.8750612633917,1.61278385671974,3.14176323027579,Plate 4 F8,Plate 4 F8,peptide NP68,6,0.4123083971329025
11.5,2,OK,pass,OK,0,1,0.778151250383644,3.1264561134318,Plate 4 F9,Plate 4 F9,peptide NP68,6,0.4257174970035597
11.5,2,OK,pass,OK,0.477121254719662,1.04139268515823,0.301029995663981,3.05307844348342,Plate 4 F10,Plate 4 F10,peptide NP68,6,0.5843941006192972
11.5,2,OK,pass,OK,0,1.25527250510331,1.56820172406699,3.37069809257558,Plate 4 F11,Plate 4 F11,peptide NP68,6,0.5110883151508177
11.5,2,OK,pass,OK,0,1.11394335230684,0.778151250383644,3.33505651943909,Plate 4 F12,Plate 4 F12,peptide NP68,6,0.4834131598173658
11.5,2,OK,pass,OK,2.62013605497376,2.41329976408125,1.46239799789896,2.24303804868629,Plate 4 G1,Plate 4 G1,peptide N4,6,1.7576520018147772
11.5,2,OK,pass,OK,2.61278385671974,2.10380372095596,0,2.17609125905568,Plate 4 G2,Plate 4 G2,peptide N4,6,0.8729716411253123
11.5,2,OK,pass,OK,2.67851837904011,2.60097289568675,1.85733249643127,1.5910646070265,Plate 4 G3,Plate 4 G3,peptide N4,6,0.7322820843592823
11.5,2,OK,pass,OK,2.84385542262316,2.40993312333129,1.95424250943932,1.77085201164214,Plate 4 G4,Plate 4 G4,peptide N4,6,0.8886584387540192
11.5,2,OK,pass,OK,1.82607480270083,1.53147891704226,2.26951294421792,0.778151250383644,Plate 4 G5,Plate 4 G5,peptide N4,6,0.516965226395845
11.5,2,OK,pass,OK,2.74036268949424,2.65513843481138,0,1.79239168949825,Plate 4 G6,Plate 4 G6,peptide N4,6,0.8776803865894784
11.5,2,OK,pass,OK,2.5705429398819,2.55022835305509,2.03742649794062,1.63346845557959,Plate 4 G7,Plate 4 G7,peptide N4,6,0.8137785611715606
11.5,2,OK,pass,OK,2.63848925695464,2.47856649559384,0.778151250383644,1.84509804001426,Plate 4 G8,Plate 4 G8,peptide N4,6,0.8492159300527422
11.5,2,OK,pass,OK,2.64246452024212,2.04921802267018,0.301029995663981,2.45331834004704,Plate 4 G9,Plate 4 G9,peptide N4,6,0.7775699322574552
11.5,2,OK,pass,OK,2.58771096501891,1,0,2.34044411484012,Plate 4 G10,Plate 4 G10,peptide N4,6,0.5592356885511757
11.5,2,OK,pass,OK,2.60422605308447,2.07918124604762,0.778151250383644,2.63848925695464,Plate 4 H1,Plate 4 H1,peptide T4,6,3.0089920883317562
11.5,2,OK,pass,OK,2.35602585719312,0.903089986991944,1.44715803134222,2.49692964807321,Plate 4 H2,Plate 4 H2,peptide T4,6,4.042593289764362
11.5,2,OK,pass,OK,2.8819549713396,2.59988307207369,1.5910646070265,1.89209460269048,Plate 4 H3,Plate 4 H3,peptide T4,6,7.823458810812154
11.5,2,OK,pass,OK,2.34830486304816,2.41664050733828,0,2.02938377768521,Plate 4 H4,Plate 4 H4,peptide T4,6,3.909228448164812
11.5,2,OK,pass,OK,2.41664050733828,2.35793484700045,1.69897000433602,2.06069784035361,Plate 4 H5,Plate 4 H5,peptide T4,6,1.3499621442942369
11.5,2,OK,pass,OK,2.70156798505593,2.13033376849501,1.30102999566398,1.49136169383427,Plate 4 H6,Plate 4 H6,peptide T4,6,1.3432824009681545
11.5,2,OK,pass,OK,2.29446622616159,2.45178643552429,2.15533603746506,2.67394199863409,Plate 4 H7,Plate 4 H7,peptide T4,6,1.143359171615061
11.5,2,OK,pass,OK,2.78390357927274,1.65321251377534,1.68124123737559,2.52374646681156,Plate 4 H8,Plate 4 H8,peptide T4,6,1.0579477608344914
11.5,2,OK,pass,OK,2.77232170672292,2.04139268515822,2.30749603791321,1.94939000664491,Plate 4 H9,Plate 4 H9,peptide T4,6,1.0303447701824828
11.5,2,OK,pass,OK,2.43616264704076,1.92427928606188,0,3.24477176149529,Plate 4 H10,Plate 4 H10,peptide T4,6,0.9251467058087167
11.5,2,OK,pass,OK,2.86033800657099,2.35218251811136,1.49136169383427,1.89209460269048,Plate 4 H11,Plate 4 H11,peptide T4,6,1.0451520607561011
